-- MySQL dump 10.13  Distrib 8.0.36, for Win64 (x86_64)
--
-- Host: 127.0.0.1    Database: licorera
-- ------------------------------------------------------
-- Server version	8.0.36

/*!40101 SET @OLD_CHARACTER_SET_CLIENT=@@CHARACTER_SET_CLIENT */;
/*!40101 SET @OLD_CHARACTER_SET_RESULTS=@@CHARACTER_SET_RESULTS */;
/*!40101 SET @OLD_COLLATION_CONNECTION=@@COLLATION_CONNECTION */;
/*!50503 SET NAMES utf8 */;
/*!40103 SET @OLD_TIME_ZONE=@@TIME_ZONE */;
/*!40103 SET TIME_ZONE='+00:00' */;
/*!40014 SET @OLD_UNIQUE_CHECKS=@@UNIQUE_CHECKS, UNIQUE_CHECKS=0 */;
/*!40014 SET @OLD_FOREIGN_KEY_CHECKS=@@FOREIGN_KEY_CHECKS, FOREIGN_KEY_CHECKS=0 */;
/*!40101 SET @OLD_SQL_MODE=@@SQL_MODE, SQL_MODE='NO_AUTO_VALUE_ON_ZERO' */;
/*!40111 SET @OLD_SQL_NOTES=@@SQL_NOTES, SQL_NOTES=0 */;

--
-- Table structure for table `barrio`
--

DROP TABLE IF EXISTS `barrio`;
/*!40101 SET @saved_cs_client     = @@character_set_client */;
/*!50503 SET character_set_client = utf8mb4 */;
CREATE TABLE `barrio` (
  `IdBarrio` int NOT NULL AUTO_INCREMENT,
  `IdCiudad` int NOT NULL,
  `nombre` varchar(30) NOT NULL,
  PRIMARY KEY (`IdBarrio`),
  KEY `IdCiudad` (`IdCiudad`),
  CONSTRAINT `barrio_ibfk_1` FOREIGN KEY (`IdCiudad`) REFERENCES `ciudad` (`IdCiudad`)
) ENGINE=InnoDB AUTO_INCREMENT=56 DEFAULT CHARSET=utf8mb4 COLLATE=utf8mb4_0900_ai_ci;
/*!40101 SET character_set_client = @saved_cs_client */;

--
-- Dumping data for table `barrio`
--

LOCK TABLES `barrio` WRITE;
/*!40000 ALTER TABLE `barrio` DISABLE KEYS */;
INSERT INTO `barrio` VALUES (1,959,'Alvernia'),(2,959,'Bello Horizonte'),(3,959,'Bosques de Maracaibo'),(4,959,'Buenos Aires'),(5,959,'Calixto'),(6,959,'Cantarana'),(7,959,'Centro'),(8,959,'Chiminangos'),(9,959,'Farfán'),(10,959,'Fátima'),(11,959,'La Campiña'),(12,959,'La Ceibita'),(13,959,'La Esperanza'),(14,959,'La Inmaculada'),(15,959,'La Paz'),(16,959,'La Santa Cruz'),(17,959,'Las Acacias'),(18,959,'Limonar'),(19,959,'Maracaibo'),(20,959,'Nuevo Príncipe'),(21,959,'Olímpico'),(22,959,'Palmar'),(23,959,'Popular'),(24,959,'Portales del Río'),(25,959,'Prados del Norte'),(26,959,'Progresar'),(27,959,'Pueblo Nuevo'),(28,959,'San Francisco'),(29,959,'San Pedro Claver'),(30,959,'Santa Clara'),(31,959,'Santa Cruz'),(32,959,'Victoria'),(33,959,'Villa del Río'),(34,959,'Villas de Río'),(35,959,'Villas de San Pedro'),(36,1000,'El Centro'),(37,1000,'45314'),(38,1000,'La Florida'),(39,1000,'Santa Rosa'),(40,1000,'San José'),(41,1000,'Las Delicias'),(42,1000,'La Pastora'),(43,1000,'El Valle'),(44,1000,'Los Olivos'),(45,1000,'Las Mercedes'),(46,1000,'La Vega'),(47,1000,'La Candelaria'),(48,1000,'El Paraíso'),(49,1000,'El Calvario'),(50,1000,'Bello Monte'),(51,1000,'San Antonio'),(52,1000,'Los Jardines'),(53,1000,'El Carmen'),(54,1000,'San Agustín'),(55,1000,'La Esperanza');
/*!40000 ALTER TABLE `barrio` ENABLE KEYS */;
UNLOCK TABLES;

--
-- Table structure for table `ciudad`
--

DROP TABLE IF EXISTS `ciudad`;
/*!40101 SET @saved_cs_client     = @@character_set_client */;
/*!50503 SET character_set_client = utf8mb4 */;
CREATE TABLE `ciudad` (
  `IdCiudad` int NOT NULL AUTO_INCREMENT,
  `IdDepartamento` int NOT NULL,
  `nombre` varchar(30) NOT NULL,
  PRIMARY KEY (`IdCiudad`),
  KEY `IdDepartamento` (`IdDepartamento`),
  CONSTRAINT `ciudad_ibfk_1` FOREIGN KEY (`IdDepartamento`) REFERENCES `departamento` (`IdDepartamento`)
) ENGINE=InnoDB AUTO_INCREMENT=1073 DEFAULT CHARSET=utf8mb4 COLLATE=utf8mb4_0900_ai_ci;
/*!40101 SET character_set_client = @saved_cs_client */;

--
-- Dumping data for table `ciudad`
--

LOCK TABLES `ciudad` WRITE;
/*!40000 ALTER TABLE `ciudad` DISABLE KEYS */;
INSERT INTO `ciudad` VALUES (1,1,'EL ENCANTO'),(2,1,'LA CHORRERA'),(3,1,'LA PEDRERA'),(4,1,'LA VICTORIA'),(5,1,'LETICIA'),(6,1,'MIRITI - PARANÁ'),(7,1,'PUERTO ALEGRIA'),(8,1,'PUERTO ARICA'),(9,1,'PUERTO NARIÑO'),(10,1,'PUERTO SANTANDER'),(11,1,'TARAPACÁ'),(12,2,'CÁCERES'),(13,2,'CAUCASIA'),(14,2,'EL BAGRE'),(15,2,'REMEDIOS'),(16,2,'SAN ROQUE'),(17,2,'SANTO DOMINGO'),(18,2,'SEGOVIA'),(19,2,'VEGACHÍ'),(20,2,'YALÍ'),(21,2,'YOLOMBÓ'),(22,2,'ANGOSTURA'),(23,2,'BELMIRA'),(24,2,'BRICEÑO'),(25,2,'CAMPAMENTO'),(26,2,'CAROLINA'),(27,2,'DON MATiAS'),(28,2,'ENTRERRIOS'),(29,2,'GÓMEZ PLATA'),(30,2,'GUADALUPE'),(31,2,'ITUANGO'),(32,2,'SAN ANDRÉS'),(33,2,'SAN JOSÉ DE LA MONTAÑA'),(34,2,'SAN PEDRO'),(35,2,'SANTA ROSA de osos'),(36,2,'TOLEDO'),(37,2,'VALDIVIA'),(38,2,'YARUMAL'),(39,2,'ABRIAQUÍ'),(40,2,'ANZA'),(41,2,'ARMENIA'),(42,2,'BURITICÁ'),(43,2,'CAÑASGORDAS'),(44,2,'DABEIBA'),(45,2,'EBÉJICO'),(46,2,'FRONTINO'),(47,2,'GIRALDO'),(48,2,'HELICONIA'),(49,2,'LIBORINA'),(50,2,'OLAYA'),(51,2,'PEQUE'),(52,2,'SABANALARGA'),(53,2,'SAN JERÓNIMO'),(54,2,'SANTAFÉ DE ANTIOQUIA'),(55,2,'SOPETRaN'),(56,2,'URAMITA'),(57,2,'ABEJORRAL'),(58,2,'ALEJANDRÍA'),(59,2,'ARGELIA'),(60,2,'CARMEN DE VIBORAL'),(61,2,'COCORNÁ'),(62,2,'CONCEPCIÓN'),(63,2,'GRANADA'),(64,2,'GUARNE'),(65,2,'GUATAPE'),(66,2,'LA CEJA'),(67,2,'LA UNIÓN'),(68,2,'MARINILLA'),(69,2,'NARIÑO'),(70,2,'PEÑOL'),(71,2,'RETIRO'),(72,2,'RIONEGRO'),(73,2,'SAN CARLOS'),(74,2,'SAN FRANCISCO'),(75,2,'SAN LUIS'),(76,2,'SAN RAFAEL'),(77,2,'SAN VICENTE'),(78,2,'SANTUARIO'),(79,2,'SONSON'),(80,2,'AMAGa'),(81,2,'ANDES'),(82,2,'ANGELOPOLIS'),(83,2,'BETANIA'),(84,2,'BETULIA'),(85,2,'CAICEDO'),(86,2,'CARAMANTA'),(87,2,'CIUDAD BOLÍVAR'),(88,2,'CONCORDIA'),(89,2,'FREDONIA'),(90,2,'HISPANIA'),(91,2,'JARDÍN'),(92,2,'JERICÓ'),(93,2,'LA PINTADA'),(94,2,'MONTEBELLO'),(95,2,'PUEBLORRICO'),(96,2,'SALGAR'),(97,2,'SANTA BaRBARA'),(98,2,'TÁMESIS'),(99,2,'TARSO'),(100,2,'TITIRIBÍ'),(101,2,'URRAO'),(102,2,'VALPARAISO'),(103,2,'VENECIA'),(104,2,'APARTADÓ'),(105,2,'ARBOLETES'),(106,2,'CAREPA'),(107,2,'CHIGORODÓ'),(108,2,'MURINDÓ'),(109,2,'MUTATA'),(110,2,'NECOCLÍ'),(111,2,'SAN JUAN DE URABA'),(112,2,'SAN PEDRO DE URABA'),(113,2,'TURBO'),(114,2,'VIGÍA DEL FUERTE'),(115,2,'BARBOSA'),(116,2,'BELLO'),(117,2,'CALDAS'),(118,2,'COPACABANA'),(119,2,'ENVIGADO'),(120,2,'GIRARDOTA'),(121,2,'ITAGUI'),(122,2,'LA ESTRELLA'),(123,2,'MEDELLÍN'),(124,2,'SABANETA'),(125,3,'ARAUCA'),(126,3,'ARAUQUITA'),(127,3,'CRAVO NORTE'),(128,3,'FORTUL'),(129,3,'PUERTO RONDÓN'),(130,3,'SARAVENA'),(131,3,'TAME'),(132,4,'BARRANQUILLA'),(133,4,'GALAPA'),(134,4,'MALAMBO'),(135,4,'PUERTO COLOMBIA'),(136,4,'SOLEDAD'),(137,4,'CAMPO DE LA CRUZ'),(138,4,'CANDELARIA'),(139,4,'LURUACO'),(140,4,'MANATi'),(141,4,'REPELON'),(142,4,'SANTA LUCiA'),(143,4,'SUAN'),(144,4,'BARANOA'),(145,4,'PALMAR DE VARELA'),(146,4,'POLONUEVO'),(147,4,'PONEDERA'),(148,4,'Sabanagrande'),(149,4,'SABANALARGA'),(150,4,'Santo Tomas'),(151,4,'JUAN DE ACOSTA'),(152,4,'PIOJÓ'),(153,4,'TUBARA'),(154,4,'USIACURi'),(155,5,'CICUCO'),(156,5,'HATILLO DE LOBA'),(157,5,'MARGARITA'),(158,5,'MOMPÓS'),(159,5,'SAN FERNANDO'),(160,5,'TALAIGUA NUEVO'),(161,5,'ARJONA'),(162,5,'ARROYOHONDO'),(163,5,'CALAMAR'),(164,5,'CARTAGENA'),(165,5,'CLEMENCIA'),(166,5,'MAHATES'),(167,5,'SAN CRISTOBAL'),(168,5,'SAN ESTANISLAO'),(169,5,'SANTA CATALINA'),(170,5,'SANTA ROSA DE LIMA'),(171,5,'SOPLAVIENTO'),(172,5,'TURBACO'),(173,5,'TURBANA'),(174,5,'VILLANUEVA'),(175,5,'ALTOS DEL ROSARIO'),(176,5,'BARRANCO DE LOBA'),(177,5,'EL PEÑON'),(178,5,'REGIDOR'),(179,5,'RÍO VIEJO'),(180,5,'SAN MARTIN DE LOBA'),(181,5,'ARENAL'),(182,5,'CANTAGALLO'),(183,5,'MORALES'),(184,5,'SAN PABLO'),(185,5,'SANTA ROSA DEL SUR'),(186,5,'SIMITÍ'),(187,5,'ACHÍ'),(188,5,'MAGANGUÉ'),(189,5,'MONTECRISTO'),(190,5,'PINILLOS'),(191,5,'SAN JACINTO DEL CAUCA'),(192,5,'TIQUISIO'),(193,5,'CARMEN DE BOLÍVAR'),(194,5,'CÓRDOBA'),(195,5,'EL GUAMO'),(196,5,'MARÍA LA BAJA'),(197,5,'SAN JACINTO'),(198,5,'SAN JUAN NEPOMUCENO'),(199,5,'ZAMBRANO'),(200,6,'CHÍQUIZA'),(201,6,'CHIVATÁ'),(202,6,'CÓMBITA'),(203,6,'CUCAITA'),(204,6,'MOTAVITA'),(205,6,'OICATÁ'),(206,6,'SAMACÁ'),(207,6,'SIACHOQUE'),(208,6,'SORA'),(209,6,'SORACÁ'),(210,6,'SOTAQUIRÁ'),(211,6,'TOCA'),(212,6,'TUNJA'),(213,6,'TUTA'),(214,6,'VENTAQUEMADA'),(215,6,'CHISCAS'),(216,6,'CUBARÁ'),(217,6,'EL COCUY'),(218,6,'EL ESPINO'),(219,6,'GUACAMAYAS'),(220,6,'GÜICÁN'),(221,6,'PANQUEBA'),(222,6,'LABRANZAGRANDE'),(223,6,'PAJARITO'),(224,6,'PAYA'),(225,6,'PISBA'),(226,6,'BERBEO'),(227,6,'CAMPOHERMOSO'),(228,6,'MIRAFLORES'),(229,6,'PÁEZ'),(230,6,'SAN EDUARDO'),(231,6,'ZETAQUIRA'),(232,6,'BOYACÁ'),(233,6,'CIÉNEGA'),(234,6,'JENESANO'),(235,6,'NUEVO COLÓN'),(236,6,'RAMIRIQUÍ'),(237,6,'RONDÓN'),(238,6,'TIBANÁ'),(239,6,'TURMEQUÉ'),(240,6,'UMBITA'),(241,6,'VIRACACHÁ'),(242,6,'CHINAVITA'),(243,6,'GARAGOA'),(244,6,'MACANAL'),(245,6,'LA UVITA'),(246,6,'SAN MATEO'),(247,6,'SATIVANORTE'),(248,6,'SATIVASUR'),(249,6,'SOATÁ'),(250,6,'SUSACÓN'),(251,6,'TIPACOQUE'),(252,6,'BRICEÑO'),(253,6,'BUENAVISTA'),(254,6,'CALDAS'),(255,6,'CHIQUINQUIRÁ'),(256,6,'COPER'),(257,6,'SUTATENZA'),(258,6,'TENZA'),(259,6,'ARCABUCO'),(260,6,'CHITARAQUE'),(261,6,'GACHANTIVÁ'),(262,6,'MONIQUIRÁ'),(263,6,'RÁQUIRA'),(264,6,'SÁCHICA'),(265,6,'SAN JOSÉ DE PARE'),(266,6,'SANTA SOFÍA'),(267,6,'SANTANA'),(268,6,'SUTAMARCHÁN'),(269,6,'TINJACÁ'),(270,6,'TOGÜÍ'),(271,6,'VILLA DE LEYVA'),(272,6,'AQUITANIA'),(273,6,'CUÍTIVA'),(274,6,'FIRAVITOBA'),(275,6,'GAMEZA'),(276,6,'IZA'),(277,6,'MONGUA'),(278,6,'MONGUÍ'),(279,6,'NOBSA'),(280,6,'PESCA'),(281,6,'SOGAMOSO'),(282,6,'TIBASOSA'),(283,6,'TÓPAGA'),(284,6,'TOTA'),(285,6,'BELÉN'),(286,6,'BUSBANZÁ'),(287,6,'CERINZA'),(288,6,'CORRALES'),(289,6,'DUITAMA'),(290,6,'FLORESTA'),(291,6,'PAIPA'),(292,6,'SAN ROSA VITERBO'),(293,6,'TUTAZÁ'),(294,6,'BETÉITIVA'),(295,6,'CHITA'),(296,6,'JERICÓ'),(297,6,'PAZ DE RÍO'),(298,6,'SOCHA'),(299,6,'SOCOTÁ'),(300,6,'TASCO'),(301,7,'FILADELFIA'),(302,7,'LA MERCED'),(303,7,'MARMATO'),(304,7,'RIOSUCIO'),(305,7,'SUPÍA'),(306,7,'MANZANARES'),(307,7,'MARQUETALIA'),(308,7,'MARULANDA'),(309,7,'PENSILVANIA'),(310,7,'ANSERMA'),(311,7,'BELALCÁZAR'),(312,7,'RISARALDA'),(313,7,'SAN JOSÉ'),(314,7,'VITERBO'),(315,7,'CHINCHINa'),(316,7,'MANIZALES'),(317,7,'NEIRA'),(318,7,'PALESTINA'),(319,7,'VILLAMARiA'),(320,7,'AGUADAS'),(321,7,'ARANZAZU'),(322,7,'PÁCORA'),(323,7,'SALAMINA'),(324,7,'LA DORADA'),(325,7,'NORCASIA'),(326,7,'SAMANÁ'),(327,7,'VICTORIA'),(328,8,'ALBANIA'),(329,8,'BELÉN DE LOS ANDAQUIES'),(330,8,'CARTAGENA DEL CHAIRÁ'),(331,8,'CURRILLO'),(332,8,'EL DONCELLO'),(333,8,'EL PAUJIL'),(334,8,'FLORENCIA'),(335,8,'LA MONTAÑITA'),(336,8,'MILaN'),(337,8,'MORELIA'),(338,8,'PUERTO RICO'),(339,8,'SAN JOSE DEL FRAGUA'),(340,8,'SAN VICENTE DEL CAGUÁN'),(341,8,'SOLANO'),(342,8,'SOLITA'),(343,8,'VALPARAISO'),(344,9,'AGUAZUL'),(345,9,'CHAMEZA'),(346,9,'HATO COROZAL'),(347,9,'LA SALINA'),(348,9,'MANÍ'),(349,9,'MONTERREY'),(350,9,'NUNCHÍA'),(351,9,'OROCUÉ'),(352,9,'PAZ DE ARIPORO'),(353,9,'PORE'),(354,9,'RECETOR'),(355,9,'SABANALARGA'),(356,9,'SÁCAMA'),(357,9,'SAN LUIS DE PALENQUE'),(358,9,'TÁMARA'),(359,9,'TAURAMENA'),(360,9,'TRINIDAD'),(361,9,'VILLANUEVA'),(362,9,'YOPAL'),(363,10,'CAJIBÍO'),(364,10,'EL TAMBO'),(365,10,'LA SIERRA'),(366,10,'MORALES'),(367,10,'PIENDAMO'),(368,10,'POPAYÁN'),(369,10,'ROSAS'),(370,10,'MIRANDA'),(371,10,'PADILLA'),(372,10,'PUERTO TEJADA'),(373,10,'SANTANDER DE QUILICHAO'),(374,10,'SUAREZ'),(375,10,'VILLA RICA'),(376,10,'GUAPI'),(377,10,'LOPEZ'),(378,10,'TIMBIQUI'),(379,10,'CALDONO'),(380,10,'INZÁ'),(381,10,'JAMBALO'),(382,10,'PAEZ'),(383,10,'PURACE'),(384,10,'Silvia'),(385,10,'TORIBIO'),(386,10,'TOTORO'),(387,10,'ALMAGUER'),(388,10,'ARGELIA'),(389,10,'BALBOA'),(390,10,'BOLÍVAR'),(391,10,'FLORENCIA'),(392,10,'LA VEGA'),(393,10,'MERCADERES'),(394,10,'PATIA'),(395,10,'PIAMONTE'),(396,10,'SAN SEBASTIAN'),(397,10,'SANTA ROSA'),(398,10,'SUCRE'),(399,11,'BECERRIL'),(400,11,'CHIMICHAGUA'),(401,11,'CHIRIGUANA'),(402,11,'CURUMANÍ'),(403,11,'LA JAGUA DE IBIRICO'),(404,11,'PAILITAS'),(405,11,'TAMALAMEQUE'),(406,11,'ASTREA'),(407,11,'BOSCONIA'),(408,11,'EL COPEY'),(409,11,'EL PASO'),(410,11,'AGUSTÍN CODAZZI'),(411,11,'LA PAZ'),(412,11,'MANAURE'),(413,11,'PUEBLO BELLO'),(414,11,'SAN DIEGO'),(415,11,'VALLEDUPAR'),(416,11,'AGUACHICA'),(417,11,'GAMARRA'),(418,11,'GONZÁLEZ'),(419,11,'LA GLORIA'),(420,11,'PELAYA'),(421,11,'RÍO DE ORO'),(422,11,'SAN ALBERTO'),(423,11,'SAN MARTÍN'),(424,12,'ATRATO'),(425,12,'BAGADÓ'),(426,12,'BOJAYA'),(427,12,'EL CARMEN DE ATRATO'),(428,12,'LLORÓ'),(429,12,'MEDIO ATRATO'),(430,12,'QUIBDÓ'),(431,12,'RIO QUITO'),(432,12,'ACANDÍ'),(433,12,'BELÉN DE BAJIRA'),(434,12,'CARMÉN DEL DARIÉN'),(435,12,'RIOSUCIO'),(436,12,'UNGUÍA'),(437,12,'BAHÍA SOLANO'),(438,12,'JURADÓ'),(439,12,'NUQUÍ'),(440,12,'ALTO BAUDÓ'),(441,12,'BAJO BAUDÓ'),(442,12,'El Litoral del San Juan'),(443,12,'MEDIO BAUDÓ'),(444,12,'CANTON DE SAN PABLO'),(445,12,'CERTEGUI'),(446,12,'CONDOTO'),(447,12,'ITSMINA'),(448,12,'MEDIO SAN JUAN'),(449,12,'NÓVITA'),(450,12,'RÍO FRÍO'),(451,12,'SAN JOSÉ DEL PALMAR'),(452,12,'SIPÍ'),(453,12,'TADÓ'),(454,12,'UNION PANAMERICANA'),(455,13,'TIERRALTA'),(456,13,'VALENCIA'),(457,13,'CHIMÁ'),(458,13,'COTORRA'),(459,13,'LORICA'),(460,13,'MOMIL'),(461,13,'PURÍSIMA'),(462,13,'MONTERÍA'),(463,13,'CANALETE'),(464,13,'LOS CÓRDOBAS'),(465,13,'MOÑITOS'),(466,13,'PUERTO ESCONDIDO'),(467,13,'SAN ANTERO'),(468,13,'SAN BERNARDO DEL VIENTO'),(469,13,'CHINÚ'),(470,13,'SAHAGÚN'),(471,13,'SAN ANDRÉS SOTAVENTO'),(472,13,'AYAPEL'),(473,13,'BUENAVISTA'),(474,13,'LA APARTADA'),(475,13,'MONTELÍBANO'),(476,13,'PLANETA RICA'),(477,13,'PUEBLO NUEVO'),(478,13,'PUERTO LIBERTADOR'),(479,13,'CERETÉ'),(480,13,'CIÉNAGA DE ORO'),(481,13,'SAN CARLOS'),(482,13,'SAN PELAYO'),(483,14,'CHOCONTÁ'),(484,14,'MACHETA'),(485,14,'MANTA'),(486,14,'SESQUILÉ'),(487,14,'SUESCA'),(488,14,'TIBIRITA'),(489,14,'VILLAPINZÓN'),(490,14,'AGUA DE DIOS'),(491,14,'GIRARDOT'),(492,14,'GUATAQUÍ'),(493,14,'JERUSALÉN'),(494,14,'NARIÑO'),(495,14,'NILO'),(496,14,'RICAURTE'),(497,14,'TOCAIMA'),(498,14,'CAPARRAPÍ'),(499,14,'NIMAIMA'),(500,14,'NOCAIMA'),(501,14,'QUEBRADANEGRA'),(502,14,'SAN FRANCISCO'),(503,14,'SASAIMA'),(504,14,'SUPATÁ'),(505,14,'ÚTICA'),(506,14,'VERGARA'),(507,14,'VILLETA'),(508,14,'GACHALA'),(509,14,'FOSCA'),(510,14,'GUAYABETAL'),(511,14,'GUTIÉRREZ'),(512,14,'QUETAME'),(513,14,'UBAQUE'),(514,14,'UNE'),(515,14,'EL PEÑÓN'),(516,14,'LA PALMA'),(517,14,'PACHO'),(518,14,'PAIME'),(519,14,'SAN CAYETANO'),(520,14,'TOPAIPI'),(521,14,'VILLAGOMEZ'),(522,14,'YACOPÍ'),(523,14,'CAJICÁ'),(524,14,'CHÍA'),(525,14,'COGUA'),(526,14,'GACHANCIPÁ'),(527,14,'NEMOCoN'),(528,14,'SOPÓ'),(529,14,'TABIO'),(530,14,'TOCANCIPÁ'),(531,14,'ZIPAQUIRÁ'),(532,14,'BOJACÁ'),(533,14,'COTA'),(534,14,'EL ROSAL'),(535,14,'FACATATIVÁ'),(536,14,'FUNZA'),(537,14,'MADRID'),(538,14,'MOSQUERA'),(539,14,'SUBACHOQUE'),(540,14,'TENJO'),(541,14,'ZIPACoN'),(542,14,'SIBATÉ'),(543,14,'SOACHA'),(544,14,'ARBELÁEZ'),(545,14,'CABRERA'),(546,14,'FUSAGASUGÁ'),(547,14,'GRANADA'),(548,14,'PANDI'),(549,14,'PASCA'),(550,14,'SAN BERNARDO'),(551,14,'SILVANIA'),(552,14,'TIBACUY'),(553,14,'VENECIA'),(554,14,'ANAPOIMA'),(555,14,'ANOLAIMA'),(556,14,'APULO'),(557,14,'CACHIPAY'),(558,14,'EL COLEGIO'),(559,14,'LA MESA'),(560,14,'QUIPILE'),(561,14,'SAN ANTONIO DE TEQUENDAMA'),(562,14,'TENA'),(563,14,'VIOTÁ'),(564,14,'CARMEN DE CARUPA'),(565,14,'CUCUNUBÁ'),(566,14,'FÚQUENE'),(567,14,'GUACHETÁ'),(568,14,'LENGUAZAQUE'),(569,14,'SIMIJACA'),(570,14,'SUSA'),(571,14,'SUTATAUSA'),(572,14,'TAUSA'),(573,14,'UBATE'),(574,15,'BARRANCO MINA'),(575,15,'CACAHUAL'),(576,15,'INÍRIDA'),(577,15,'LA GUADALUPE'),(578,15,'MAPIRIPaN'),(579,15,'MORICHAL'),(580,15,'PANA PANA'),(581,15,'PUERTO COLOMBIA'),(582,15,'SAN FELIPE'),(583,16,'CALAMAR'),(584,16,'EL RETORNO'),(585,16,'MIRAFLORES'),(586,16,'SAN JOSÉ DEL GUAVIARE'),(587,17,'AGRADO'),(588,17,'ALTAMIRA'),(589,17,'GARZÓN'),(590,17,'GIGANTE'),(591,17,'GUADALUPE'),(592,17,'PITAL'),(593,17,'SUAZA'),(594,17,'TARQUI'),(595,17,'AIPE'),(596,17,'ALGECIRAS'),(597,17,'BARAYA'),(598,17,'CAMPOALEGRE'),(599,17,'COLOMBIA'),(600,17,'HOBO'),(601,17,'IQUIRA'),(602,17,'NEIVA'),(603,17,'PALERMO'),(604,17,'RIVERA'),(605,17,'SANTA MARÍA'),(606,17,'TELLO'),(607,17,'TERUEL'),(608,17,'VILLAVIEJA'),(609,17,'YAGUARÁ'),(610,17,'LA ARGENTINA'),(611,17,'LA PLATA'),(612,17,'NÁTAGA'),(613,17,'PAICOL'),(614,17,'TESALIA'),(615,17,'ACEVEDO'),(616,17,'ELÍAS'),(617,17,'ISNOS'),(618,17,'OPORAPA'),(619,17,'PALESTINA'),(620,17,'PITALITO'),(621,17,'SALADOBLANCO'),(622,17,'SAN AGUSTÍN'),(623,17,'TIMANÁ'),(624,18,'ALBANIA'),(625,18,'DIBULLA'),(626,18,'MAICAO'),(627,18,'MANAURE'),(628,18,'RIOHACHA'),(629,18,'URIBIA'),(630,18,'BARRANCAS'),(631,18,'DISTRACCION'),(632,18,'EL MOLINO'),(633,18,'FONSECA'),(634,18,'HATONUEVO'),(635,18,'LA JAGUA DEL PILAR'),(636,18,'SAN JUAN DEL CESAR'),(637,18,'URUMITA'),(638,18,'VILLANUEVA'),(639,19,'ARIGUANÍ'),(640,19,'CHIBOLO'),(641,19,'NUEVA GRANADA'),(642,19,'PLATO'),(643,19,'SABANAS DE SAN ANGEL'),(644,19,'TENERIFE'),(645,19,'ALGARROBO'),(646,19,'ARACATACA'),(647,19,'CIÉNAGA'),(648,19,'EL RETEN'),(649,19,'FUNDACION'),(650,19,'PUEBLO VIEJO'),(651,19,'ZONA BANANERA'),(652,19,'CERRO SAN ANTONIO'),(653,19,'CONCORDIA'),(654,19,'EL PIÑON'),(655,19,'PEDRAZA'),(656,19,'PIVIJAY'),(657,19,'REMOLINO'),(658,19,'SALAMINA'),(659,19,'SITIONUEVO'),(660,19,'ZAPAYAN'),(661,19,'SANTA MARTA'),(662,19,'EL BANCO'),(663,19,'GUAMAL'),(664,19,'PIJIÑO DEL CARMEN'),(665,19,'SAN SEBASTIAN DE BUENAVISTA'),(666,19,'SAN ZENON'),(667,19,'SANTA ANA'),(668,19,'SANTA BARBARA DE PINTO'),(669,20,'EL CASTILLO'),(670,20,'EL DORADO'),(671,20,'FUENTE DE ORO'),(672,20,'GRANADA'),(673,20,'LA MACARENA'),(674,20,'LA URIBE'),(675,20,'LEJANÍAS'),(676,20,'MAPIRIPaN'),(677,20,'MESETAS'),(678,20,'PUERTO CONCORDIA'),(679,20,'PUERTO LLERAS'),(680,20,'PUERTO RICO'),(681,20,'SAN JUAN DE ARAMA'),(682,20,'VISTA HERMOSA'),(683,20,'VILLAVICENCIO'),(684,20,'ACACiAS'),(685,20,'BARRANCA DE UPIA'),(686,20,'CASTILLA LA NUEVA'),(687,20,'CUMARAL'),(688,20,'EL CALVARIO'),(689,20,'GUAMAL'),(690,20,'RESTREPO'),(691,20,'SAN CARLOS GUAROA'),(692,20,'SAN JUANITO'),(693,20,'SAN LUIS DE CUBARRAL'),(694,20,'SAN MARTÍN'),(695,20,'CABUYARO'),(696,20,'PUERTO GAITÁN'),(697,20,'PUERTO LoPEZ'),(698,21,'CHACHAGUI'),(699,21,'CONSACA'),(700,21,'EL PEÑOL'),(701,21,'EL TAMBO'),(702,21,'LA FLORIDA'),(703,21,'NARIÑO'),(704,21,'PASTO'),(705,21,'SANDONÁ'),(706,21,'TANGUA'),(707,21,'YACUANQUER'),(708,21,'ANCUYA'),(709,21,'GUAITARILLA'),(710,21,'LA LLANADA'),(711,21,'LINARES'),(712,21,'LOS ANDES'),(713,21,'MALLAMA'),(714,21,'OSPINA'),(715,21,'PROVIDENCIA'),(716,21,'RICAURTE'),(717,21,'SAMANIEGO'),(718,21,'SANTA CRUZ'),(719,21,'SAPUYES'),(720,21,'TUQUERRES'),(721,21,'BARBACOAS'),(722,21,'EL CHARCO'),(723,21,'FRANCISCO PIZARRO'),(724,21,'LA TOLA'),(725,21,'Magui'),(726,21,'MOSQUERA'),(727,21,'OLAYA HERRERA'),(728,21,'ROBERTO PAYAN'),(729,21,'SANTA BaRBARA'),(730,21,'TUMACO'),(731,21,'ALBAN'),(732,21,'ARBOLEDA'),(733,21,'BELEN'),(734,21,'BUESACO'),(735,21,'COLON'),(736,21,'CUMBITARA'),(737,21,'EL ROSARIO'),(738,21,'El Tablon de Gomez'),(739,21,'LA CRUZ'),(740,21,'LA UNION'),(741,21,'LEIVA'),(742,21,'POLICARPA'),(743,21,'SAN BERNARDO'),(744,21,'SAN LORENZO'),(745,21,'SAN PABLO'),(746,21,'SAN PEDRO DE CARTAGO'),(747,21,'TAMINANGO'),(748,21,'ALDANA'),(749,21,'CONTADERO'),(750,21,'CÓRDOBA'),(751,21,'CUASPUD'),(752,21,'CUMBAL'),(753,21,'FUNES'),(754,21,'GUACHUCAL'),(755,21,'GUALMATAN'),(756,21,'ILES'),(757,21,'IMUES'),(758,21,'IPIALES'),(759,21,'POTOSÍ'),(760,21,'PUERRES'),(761,21,'PUPIALES'),(762,22,'ARBOLEDAS'),(763,22,'CUCUTILLA'),(764,22,'GRAMALOTE'),(765,22,'LOURDES'),(766,22,'SALAZAR'),(767,22,'SANTIAGO'),(768,22,'VILLA CARO'),(769,22,'BUCARASICA'),(770,22,'EL TARRA'),(771,22,'SARDINATA'),(772,22,'TIBÚ'),(773,22,'ABREGO'),(774,22,'CACHIRÁ'),(775,22,'CONVENCIÓN'),(776,22,'EL CARMEN'),(777,22,'HACARÍ'),(778,22,'LA ESPERANZA'),(779,22,'LA PLAYA'),(780,22,'OCAÑA'),(781,22,'SAN CALIXTO'),(782,22,'TEORAMA'),(783,22,'CÚCUTA'),(784,22,'EL ZULIA'),(785,22,'LOS PATIOS'),(786,22,'PUERTO SANTANDER'),(787,22,'SAN CAYETANO'),(788,22,'VILLA DEL ROSARIO'),(789,22,'CÁCOTA'),(790,22,'CHITAGÁ'),(791,22,'MUTISCUA'),(792,22,'PAMPLONA'),(793,22,'PAMPLONITA'),(794,22,'SILOS'),(795,22,'BOCHALEMA'),(796,22,'CHINÁCOTA'),(797,22,'DURANIA'),(798,22,'HERRÁN'),(799,22,'LABATECA'),(800,22,'RAGONVALIA'),(801,22,'TOLEDO'),(802,23,'COLÓN'),(803,23,'MOCOA'),(804,23,'ORITO'),(805,23,'PUERTO ASIS'),(806,23,'PUERTO CAICEDO'),(807,23,'PUERTO GUZMAN'),(808,23,'PUERTO LEGUIZAMO'),(809,23,'SAN FRANCISCO'),(810,23,'SAN MIGUEL'),(811,23,'SANTIAGO'),(812,23,'SIBUNDOY'),(813,23,'VALLE DEL GUAMUEZ'),(814,23,'VILLA GARZON'),(815,24,'ARMENIA'),(816,24,'BUENAVISTA'),(817,24,'CALARCA'),(818,24,'CoRDOBA'),(819,24,'GeNOVA'),(820,24,'PIJAO'),(821,24,'FILANDIA'),(822,24,'SALENTO'),(823,24,'CIRCASIA'),(824,24,'LA TEBAIDA'),(825,24,'Montengro'),(826,24,'QUIMBAYA'),(827,25,'DOSQUEBRADAS'),(828,25,'LA VIRGINIA'),(829,25,'MARSELLA'),(830,25,'PEREIRA'),(831,25,'SANTA ROSA DE CABAL'),(832,25,'APÍA'),(833,25,'BALBOA'),(834,25,'BELÉN DE UMBRÍA'),(835,25,'GUÁTICA'),(836,25,'LA CELIA'),(837,25,'QUINCHiA'),(838,25,'SANTUARIO'),(839,25,'MISTRATÓ'),(840,25,'PUEBLO RICO'),(841,27,'CHIMA'),(842,27,'CONFINES'),(843,27,'CONTRATACIÓN'),(844,27,'EL GUACAMAYO'),(845,27,'GALÁN'),(846,27,'GAMBITA'),(847,27,'GUADALUPE'),(848,27,'VALLE DE SAN JOSÉ'),(849,27,'VILLANUEVA'),(850,27,'BARRANCABERMEJA'),(851,27,'BETULIA'),(852,27,'EL CARMEN DE CHUCURÍ'),(853,27,'PUERTO WILCHES'),(854,27,'SABANA DE TORRES'),(855,27,'SAN VICENTE DE CHUCURÍ'),(856,27,'ZAPATOCA'),(857,27,'BUCARAMANGA'),(858,27,'CALIFORNIA'),(859,27,'CHARTA'),(860,27,'EL PLAYÓN'),(861,27,'FLORIDABLANCA'),(862,27,'GIRÓN'),(863,27,'LEBRÍJA'),(864,27,'LOS SANTOS'),(865,27,'MATANZA'),(866,27,'PIEDECUESTA'),(867,27,'RIONEGRO'),(868,27,'SANTA BÁRBARA'),(869,27,'SURATA'),(870,27,'TONA'),(871,27,'VETAS'),(872,27,'AGUADA'),(873,27,'ALBANIA'),(874,27,'BARBOSA'),(875,27,'BOLÍVAR'),(876,27,'CHIPATÁ'),(877,27,'CIMITARRA'),(878,27,'EL PEÑÓN'),(879,27,'FLORIÁN'),(880,27,'GUAVATÁ'),(881,27,'GuEPSA'),(882,27,'JESÚS MARÍA'),(883,27,'LA BELLEZA'),(884,27,'LA PAZ'),(885,27,'LANDÁZURI'),(886,27,'PUENTE NACIONAL'),(887,27,'PUERTO PARRA'),(888,27,'SAN BENITO'),(889,27,'SUCRE'),(890,27,'VÉLEZ'),(891,26,'SAN ANDRES, PROVIDENCIA'),(892,26,'SANTACATALINA'),(893,28,'GUARANDA'),(894,28,'MAJAGUAL'),(895,28,'SUCRE'),(896,28,'CHALÁN'),(897,28,'COLOSO'),(898,28,'MORROA'),(899,28,'OVEJAS'),(900,28,'SINCELEJO'),(901,28,'COVEÑAS'),(902,28,'PALMITO'),(903,28,'SAN ONOFRE'),(904,28,'SANTIAGO DE TOLÚ'),(905,28,'TOLÚ VIEJO'),(906,28,'BUENAVISTA'),(907,28,'COROZAL'),(908,28,'EL ROBLE'),(909,28,'GALERAS'),(910,28,'LOS PALMITOS'),(911,28,'SAMPUÉS'),(912,28,'SAN JUAN BETULIA'),(913,28,'SAN PEDRO'),(914,28,'SINCÉ'),(915,28,'CAIMITO'),(916,28,'LA UNIÓN'),(917,28,'SAN BENITO ABAD'),(918,28,'SAN MARCOS'),(919,29,'AMBALEMA'),(920,29,'ARMERO'),(921,29,'FALAN'),(922,29,'FRESNO'),(923,29,'HONDA'),(924,29,'MARIQUITA'),(925,29,'PALOCABILDO'),(926,29,'CARMEN DE APICALÁ'),(927,29,'CUNDAY'),(928,29,'ICONONZO'),(929,29,'MELGAR'),(930,29,'VILLARRICA'),(931,29,'ATACO'),(932,29,'CHAPARRAL'),(933,29,'COYAIMA'),(934,29,'NATAGAIMA'),(935,29,'ORTEGA'),(936,29,'PLANADAS'),(937,29,'RIOBLANCO'),(938,29,'RONCESVALLES'),(939,29,'SAN ANTONIO'),(940,29,'ALVARADO'),(941,29,'HERVEO'),(942,29,'LeRIDA'),(943,29,'LiBANO'),(944,29,'MURILLO'),(945,29,'SANTA ISABEL'),(946,29,'VENADILLO'),(947,29,'VILLAHERMOSA'),(948,30,'ANDALUCÍA'),(949,30,'BUGA'),(950,30,'BUGALAGRANDE'),(951,30,'CALIMA'),(952,30,'EL CERRITO'),(953,30,'GINEBRA'),(954,30,'GUACARÍ'),(955,30,'RESTREPO'),(956,30,'RIOFRIO'),(957,30,'SAN PEDRO'),(958,30,'TRUJILLO'),(959,30,'TULUÁ'),(960,30,'YOTOCO'),(961,30,'ALCALa'),(962,30,'ANSERMANUEVO'),(963,30,'ARGELIA'),(964,30,'BOLÍVAR'),(965,30,'CARTAGO'),(966,30,'EL ÁGUILA'),(967,30,'EL CAIRO'),(968,30,'EL DOVIO'),(969,30,'LA UNIÓN'),(970,30,'LA VICTORIA'),(971,30,'OBANDO'),(972,30,'ROLDANILLO'),(973,30,'TORO'),(974,30,'ULLOA'),(975,30,'VERSALLES'),(976,30,'ZARZAL'),(977,30,'BUENAVENTURA'),(978,30,'CAICEDONIA'),(979,30,'SEVILLA'),(980,30,'CALI'),(981,30,'CANDELARIA'),(982,30,'DAGUA'),(983,30,'FLORIDA'),(984,30,'JAMUNDÍ'),(985,30,'LA CUMBRE'),(986,30,'PALMIRA'),(987,30,'PRADERA'),(988,30,'VIJES'),(989,30,'YUMBO'),(990,31,'CARURU'),(991,31,'MITÚ'),(992,31,'PACOA'),(993,31,'PAPUNAHUA'),(994,31,'TARAIRA'),(995,31,'YAVARATÉ'),(996,32,'CUMARIBO'),(997,32,'LA PRIMAVERA'),(998,32,'PUERTO CARREÑO'),(999,32,'SANTA ROSALÍA'),(1000,33,'Puerto Ayacucho'),(1001,33,'San Fernando de Atabapo'),(1002,33,'San Carlos de Río Negro'),(1003,33,'Maroa'),(1004,34,'Barcelona'),(1005,34,'Puerto La Cruz'),(1006,34,'El Tigre'),(1007,34,'Anaco'),(1008,35,'San Fernando de Apure'),(1009,35,'Guasdualito'),(1010,35,'Achaguas'),(1011,36,'Maracay'),(1012,36,'Turmero'),(1013,36,'La Victoria'),(1014,36,'Cagua'),(1015,37,'Barinas'),(1016,37,'Socopó'),(1017,37,'Sabaneta'),(1018,38,'Ciudad Bolívar'),(1019,38,'Ciudad Guayana'),(1020,38,'Upata'),(1021,39,'Valencia'),(1022,39,'Puerto Cabello'),(1023,39,'Guacara'),(1024,39,'San Joaquín'),(1025,40,'San Carlos'),(1026,40,'Tinaco'),(1027,40,'Tinaquillo'),(1028,41,'Tucupita'),(1029,41,'Pedernales'),(1030,42,'Coro'),(1031,42,'Punto Fijo'),(1032,42,'La Vela de Coro'),(1033,43,'San Juan de los Morros'),(1034,43,'Valle de la Pascua'),(1035,43,'Calabozo'),(1036,44,'Barquisimeto'),(1037,44,'Cabudare'),(1038,44,'Carora'),(1039,45,'Mérida'),(1040,45,'El Vigía'),(1041,45,'Tovar'),(1042,46,'Los Teques'),(1043,46,'Guarenas'),(1044,46,'Guatire'),(1045,46,'Petare'),(1046,47,'Maturín'),(1047,47,'Punta de Mata'),(1048,47,'Caripe'),(1049,48,'La Asunción'),(1050,48,'Porlamar'),(1051,48,'Pampatar'),(1052,49,'Guanare'),(1053,49,'Acarigua'),(1054,49,'Araure'),(1055,50,'Cumaná'),(1056,50,'Carúpano'),(1057,50,'Güiria'),(1058,51,'San Cristóbal'),(1059,51,'San Antonio del Táchira'),(1060,51,'Rubio'),(1061,52,'Trujillo'),(1062,52,'Valera'),(1063,52,'Boconó'),(1064,53,'La Guaira'),(1065,53,'Maiquetía'),(1066,53,'Catia La Mar'),(1067,54,'San Felipe'),(1068,54,'Yaritagua'),(1069,54,'Chivacoa'),(1070,55,'Maracaibo'),(1071,55,'Cabimas'),(1072,55,'Ciudad Ojeda');
/*!40000 ALTER TABLE `ciudad` ENABLE KEYS */;
UNLOCK TABLES;

--
-- Table structure for table `departamento`
--

DROP TABLE IF EXISTS `departamento`;
/*!40101 SET @saved_cs_client     = @@character_set_client */;
/*!50503 SET character_set_client = utf8mb4 */;
CREATE TABLE `departamento` (
  `IdDepartamento` int NOT NULL AUTO_INCREMENT,
  `IdPais` int NOT NULL,
  `nombre` varchar(30) NOT NULL,
  PRIMARY KEY (`IdDepartamento`),
  KEY `IdPais` (`IdPais`),
  CONSTRAINT `departamento_ibfk_1` FOREIGN KEY (`IdPais`) REFERENCES `pais` (`IdPais`)
) ENGINE=InnoDB AUTO_INCREMENT=56 DEFAULT CHARSET=utf8mb4 COLLATE=utf8mb4_0900_ai_ci;
/*!40101 SET character_set_client = @saved_cs_client */;

--
-- Dumping data for table `departamento`
--

LOCK TABLES `departamento` WRITE;
/*!40000 ALTER TABLE `departamento` DISABLE KEYS */;
INSERT INTO `departamento` VALUES (1,1,'AMAZONAS'),(2,1,'ANTIOQUIA'),(3,1,'ARAUCA'),(4,1,'ATLÁNTICO'),(5,1,'BOLÍVAR'),(6,1,'BOYACÁ'),(7,1,'CALDAS'),(8,1,'CAQUETÁ'),(9,1,'CASANARE'),(10,1,'CAUCA'),(11,1,'CESAR'),(12,1,'CHOCÓ'),(13,1,'CÓRDOBA'),(14,1,'CUNDINAMARCA'),(15,1,'GUAINÍA'),(16,1,'GUAVIARE'),(17,1,'HUILA'),(18,1,'LA GUAJIRA'),(19,1,'MAGDALENA'),(20,1,'META'),(21,1,'NARIÑO'),(22,1,'NORTE DE SANTANDER'),(23,1,'PUTUMAYO'),(24,1,'QUINDÍO'),(25,1,'RISARALDA'),(26,1,'SAN ANDRÉS Y PROVIDENCIA'),(27,1,'SANTANDER'),(28,1,'SUCRE'),(29,1,'TOLIMA'),(30,1,'VALLE DEL CAUCA'),(31,1,'VAUPÉS'),(32,1,'VICHADA'),(33,2,'Amazonas'),(34,2,'Anzoátegui'),(35,2,'Apure'),(36,2,'Aragua'),(37,2,'Barinas'),(38,2,'Bolívar'),(39,2,'Carabobo'),(40,2,'Cojedes'),(41,2,'Delta Amacuro'),(42,2,'Falcón'),(43,2,'Guárico'),(44,2,'Lara'),(45,2,'Mérida'),(46,2,'Miranda'),(47,2,'Monagas'),(48,2,'Nueva Esparta'),(49,2,'Portuguesa'),(50,2,'Sucre'),(51,2,'Táchira'),(52,2,'Trujillo'),(53,2,'Vargas'),(54,2,'Yaracuy'),(55,2,'Zulia');
/*!40000 ALTER TABLE `departamento` ENABLE KEYS */;
UNLOCK TABLES;

--
-- Table structure for table `detalle_entrega`
--

DROP TABLE IF EXISTS `detalle_entrega`;
/*!40101 SET @saved_cs_client     = @@character_set_client */;
/*!50503 SET character_set_client = utf8mb4 */;
CREATE TABLE `detalle_entrega` (
  `IdDetalle` int NOT NULL AUTO_INCREMENT,
  `IdEntrega` int NOT NULL,
  `IdProveedor` int NOT NULL,
  `IdProducto` int NOT NULL,
  `cantidadRecibida` int NOT NULL,
  `valorMercancia` decimal(10,2) DEFAULT NULL,
  PRIMARY KEY (`IdDetalle`),
  KEY `IdEntrega` (`IdEntrega`),
  KEY `IdProveedor` (`IdProveedor`),
  KEY `IdProducto` (`IdProducto`),
  CONSTRAINT `detalle_entrega_ibfk_1` FOREIGN KEY (`IdEntrega`) REFERENCES `entrega` (`IdEntrega`),
  CONSTRAINT `detalle_entrega_ibfk_2` FOREIGN KEY (`IdProveedor`) REFERENCES `proveedor` (`IdProveedor`),
  CONSTRAINT `detalle_entrega_ibfk_3` FOREIGN KEY (`IdProducto`) REFERENCES `producto` (`IdProducto`)
) ENGINE=InnoDB AUTO_INCREMENT=101 DEFAULT CHARSET=utf8mb4 COLLATE=utf8mb4_0900_ai_ci;
/*!40101 SET character_set_client = @saved_cs_client */;

--
-- Dumping data for table `detalle_entrega`
--

LOCK TABLES `detalle_entrega` WRITE;
/*!40000 ALTER TABLE `detalle_entrega` DISABLE KEYS */;
INSERT INTO `detalle_entrega` VALUES (1,30,86,63,13,140261.00),(2,128,71,13,3,964490.00),(3,44,16,290,14,382594.00),(4,88,10,88,5,1579311.00),(5,188,28,200,8,1435777.00),(6,144,24,119,4,1729939.00),(7,33,69,109,20,1645794.00),(8,57,63,288,1,2352712.00),(9,49,86,241,20,1208062.00),(10,1,77,82,10,2024180.00),(11,145,2,177,7,1455814.00),(12,62,98,96,6,1793940.00),(13,136,40,19,1,468947.00),(14,122,65,158,20,2133541.00),(15,128,41,247,9,2445685.00),(16,13,44,152,16,1926947.00),(17,124,99,288,16,2141649.00),(18,77,56,174,6,840550.00),(19,163,69,232,2,2139609.00),(20,34,39,290,8,1896936.00),(21,14,13,220,3,502583.00),(22,26,56,4,13,1377796.00),(23,9,12,174,17,2066173.00),(24,56,89,57,16,997367.00),(25,1,89,41,10,2254755.00),(26,151,43,86,17,457255.00),(27,102,16,246,12,1921127.00),(28,93,4,244,2,2453994.00),(29,72,60,189,1,1719449.00),(30,127,92,277,3,1338179.00),(31,185,52,153,20,545187.00),(32,24,63,192,17,853630.00),(33,173,5,211,4,2379812.00),(34,126,84,262,1,1030265.00),(35,111,83,10,18,1517877.00),(36,130,70,216,3,277799.00),(37,177,20,77,13,2114138.00),(38,89,22,169,3,40019.00),(39,49,69,194,3,1001469.00),(40,10,21,201,1,231312.00),(41,76,40,179,6,2078526.00),(42,182,29,229,16,1036893.00),(43,176,24,291,2,939630.00),(44,83,13,68,12,1623252.00),(45,84,77,4,18,1337847.00),(46,135,5,281,3,521943.00),(47,193,78,142,13,1263432.00),(48,121,18,21,20,1282764.00),(49,86,21,23,18,280758.00),(50,5,19,84,15,1105443.00),(51,41,23,273,9,302920.00),(52,183,88,19,8,534486.00),(53,171,14,50,7,148800.00),(54,42,81,170,3,1981030.00),(55,28,68,40,10,345488.00),(56,76,65,82,7,738341.00),(57,166,18,196,7,2461417.00),(58,55,95,236,3,2182669.00),(59,81,3,267,9,1702862.00),(60,72,4,201,11,2255875.00),(61,140,38,35,15,1368019.00),(62,164,94,206,14,2426864.00),(63,64,67,236,8,1026517.00),(64,126,30,222,3,1840219.00),(65,118,10,229,1,885032.00),(66,37,10,254,13,296225.00),(67,15,24,112,18,1146942.00),(68,108,15,181,9,1119192.00),(69,52,91,218,16,1500134.00),(70,91,55,122,14,531684.00),(71,185,69,161,1,325158.00),(72,34,30,266,4,1410964.00),(73,197,42,258,17,1707719.00),(74,88,19,68,6,629301.00),(75,102,50,154,18,2335493.00),(76,26,75,260,19,1499142.00),(77,76,31,12,11,2478906.00),(78,60,48,193,19,2343801.00),(79,144,83,97,1,2446631.00),(80,127,66,23,7,1279052.00),(81,107,62,180,17,2226190.00),(82,131,79,130,1,2324625.00),(83,5,51,53,4,373521.00),(84,179,25,280,18,2409414.00),(85,18,48,93,9,1697170.00),(86,18,1,199,2,1951482.00),(87,149,96,38,1,115756.00),(88,39,88,40,13,2143521.00),(89,88,37,71,5,743540.00),(90,194,85,125,10,295025.00),(91,64,56,120,2,678600.00),(92,26,16,252,15,851479.00),(93,122,53,167,7,940869.00),(94,136,84,225,11,44488.00),(95,32,73,79,7,2270875.00),(96,73,4,115,6,579953.00),(97,170,61,43,8,621456.00),(98,80,20,16,2,1337742.00),(99,67,93,286,9,89479.00),(100,186,86,145,17,208307.00);
/*!40000 ALTER TABLE `detalle_entrega` ENABLE KEYS */;
UNLOCK TABLES;

--
-- Table structure for table `detalle_factura`
--

DROP TABLE IF EXISTS `detalle_factura`;
/*!40101 SET @saved_cs_client     = @@character_set_client */;
/*!50503 SET character_set_client = utf8mb4 */;
CREATE TABLE `detalle_factura` (
  `IdDetalleFactura` int NOT NULL AUTO_INCREMENT,
  `IdProducto` int NOT NULL,
  `cantidad` int NOT NULL,
  `precioUnitario` decimal(10,2) NOT NULL,
  `IdFactura` int NOT NULL,
  PRIMARY KEY (`IdDetalleFactura`),
  KEY `IdProducto` (`IdProducto`),
  KEY `fk_IdFactura` (`IdFactura`),
  CONSTRAINT `detalle_factura_ibfk_1` FOREIGN KEY (`IdProducto`) REFERENCES `producto` (`IdProducto`),
  CONSTRAINT `fk_IdFactura` FOREIGN KEY (`IdFactura`) REFERENCES `factura` (`IdFactura`)
) ENGINE=InnoDB AUTO_INCREMENT=101 DEFAULT CHARSET=utf8mb4 COLLATE=utf8mb4_0900_ai_ci;
/*!40101 SET character_set_client = @saved_cs_client */;

--
-- Dumping data for table `detalle_factura`
--

LOCK TABLES `detalle_factura` WRITE;
/*!40000 ALTER TABLE `detalle_factura` DISABLE KEYS */;
INSERT INTO `detalle_factura` VALUES (1,133,1,645146.00,1),(2,201,7,50262.71,2),(3,109,4,121144.00,3),(4,243,3,213708.67,4),(5,273,6,15316.50,5),(6,244,3,249046.67,6),(7,284,8,10369.38,7),(8,264,2,142514.50,8),(9,37,3,155487.00,9),(10,105,1,480160.00,10),(11,199,2,417211.50,11),(12,187,3,85602.00,12),(13,111,7,104838.86,13),(14,68,4,63930.25,14),(15,120,10,69789.30,15),(16,9,5,167647.80,16),(17,249,4,18041.75,17),(18,90,4,241502.75,18),(19,252,3,40891.33,19),(20,115,1,991918.00,20),(21,192,8,28471.50,21),(22,122,6,77931.17,22),(23,141,6,20261.50,23),(24,24,7,99532.00,24),(25,238,7,22331.14,25),(26,235,3,295349.00,26),(27,187,8,33321.00,27),(28,44,4,184779.50,28),(29,228,1,422101.00,29),(30,112,10,44414.80,30),(31,164,7,139477.14,31),(32,33,4,224668.75,32),(33,81,6,18512.17,33),(34,241,10,39982.60,34),(35,122,9,21358.44,35),(36,205,4,225970.25,36),(37,254,4,162046.50,37),(38,119,6,74605.67,38),(39,171,1,916074.00,39),(40,70,8,60431.25,40),(41,205,4,214925.25,41),(42,214,4,55230.00,42),(43,256,1,588913.00,43),(44,178,3,173040.67,44),(45,173,9,5014.11,45),(46,231,2,291152.50,46),(47,113,10,22424.10,47),(48,32,2,264124.00,48),(49,229,7,63056.71,49),(50,180,7,42409.57,50),(51,97,3,104475.67,51),(52,80,10,47834.20,52),(53,105,4,173500.25,53),(54,241,3,258623.00,54),(55,48,1,783663.00,55),(56,228,2,350601.50,56),(57,188,1,705942.00,57),(58,128,5,161762.60,58),(59,44,2,340393.00,59),(60,228,5,186246.00,60),(61,172,5,91115.60,61),(62,66,2,484082.00,62),(63,128,9,72253.22,63),(64,208,9,12345.00,64),(65,161,10,6867.40,65),(66,100,10,11414.30,66),(67,197,5,33964.00,67),(68,97,10,34816.50,68),(69,175,3,179442.67,69),(70,129,8,77087.13,70),(71,40,2,172926.50,71),(72,291,5,179286.20,72),(73,276,8,108603.38,73),(74,192,1,987930.00,74),(75,123,2,72411.50,75),(76,161,4,38144.25,76),(77,280,2,342973.00,77),(78,176,3,250361.67,78),(79,201,10,36697.10,79),(80,1,7,89840.00,80),(81,183,1,946700.00,81),(82,157,4,217879.75,82),(83,178,5,145373.80,83),(84,273,10,63259.30,84),(85,100,10,70617.90,85),(86,21,4,102746.75,86),(87,71,5,138045.00,87),(88,35,8,73641.00,88),(89,105,6,67949.17,89),(90,74,4,69768.50,90),(91,51,10,14095.50,91),(92,63,7,39418.29,92),(93,71,8,18150.50,93),(94,249,8,110574.00,94),(95,125,9,76217.67,95),(96,60,9,106107.78,96),(97,92,1,463726.00,97),(98,156,8,88174.63,98),(99,262,4,109397.75,99),(100,148,8,30558.38,100);
/*!40000 ALTER TABLE `detalle_factura` ENABLE KEYS */;
UNLOCK TABLES;

--
-- Table structure for table `domiciliario`
--

DROP TABLE IF EXISTS `domiciliario`;
/*!40101 SET @saved_cs_client     = @@character_set_client */;
/*!50503 SET character_set_client = utf8mb4 */;
CREATE TABLE `domiciliario` (
  `IdDomiciliario` int NOT NULL AUTO_INCREMENT,
  `nombre` varchar(20) NOT NULL,
  `apellido` varchar(20) NOT NULL,
  `telefono` varchar(20) NOT NULL,
  PRIMARY KEY (`IdDomiciliario`)
) ENGINE=InnoDB AUTO_INCREMENT=121 DEFAULT CHARSET=utf8mb4 COLLATE=utf8mb4_0900_ai_ci;
/*!40101 SET character_set_client = @saved_cs_client */;

--
-- Dumping data for table `domiciliario`
--

LOCK TABLES `domiciliario` WRITE;
/*!40000 ALTER TABLE `domiciliario` DISABLE KEYS */;
INSERT INTO `domiciliario` VALUES (1,'Juan','Pérez','+57 123 456 7890'),(2,'María','Gómez','+57 123 456 7891'),(3,'Carlos','Martínez','+57 123 456 7892'),(4,'Laura','Rodríguez','+57 123 456 7893'),(5,'Andrés','Sánchez','+57 123 456 7894'),(6,'Paola','López','+57 123 456 7895'),(7,'David','González','+57 123 456 7896'),(8,'Ana','Ramírez','+57 123 456 7897'),(9,'Luis','García','+57 123 456 7898'),(10,'Carolina','Torres','+57 123 456 7899'),(11,'Santiago','Díaz','+57 123 456 7800'),(12,'Valentina','Vargas','+57 123 456 7801'),(13,'Diego','Franco','+57 123 456 7802'),(14,'Camila','Castro','+57 123 456 7803'),(15,'Gabriel','Ramírez','+57 123 456 7804'),(16,'Natalia','Herrera','+57 123 456 7805'),(17,'Javier','Medina','+57 123 456 7806'),(18,'Sofía','Jiménez','+57 123 456 7807'),(19,'Daniel','Mendoza','+57 123 456 7808'),(20,'Alejandra','Suárez','+57 123 456 7809'),(21,'Felipe','Molina','+57 123 456 7810'),(22,'Juliana','Ortiz','+57 123 456 7811'),(23,'Pablo','Ruiz','+57 123 456 7812'),(24,'Victoria','González','+57 123 456 7813'),(25,'Sebastián','Pérez','+57 123 456 7814'),(26,'Andrea','García','+57 123 456 7815'),(27,'José','Martínez','+57 123 456 7816'),(28,'Marcela','Sánchez','+57 123 456 7817'),(29,'Alejandro','Rodríguez','+57 123 456 7818'),(30,'Paula','López','+57 123 456 7819'),(31,'Juan Carlos','Ramírez','+57 123 456 7820'),(32,'Laura','González','+57 123 456 7821'),(33,'Carlos','Torres','+57 123 456 7822'),(34,'María José','Pérez','+57 123 456 7823'),(35,'Sebastián','Gómez','+57 123 456 7824'),(36,'Valeria','Martínez','+57 123 456 7825'),(37,'Andrés','Rodríguez','+57 123 456 7826'),(38,'Daniela','Sánchez','+57 123 456 7827'),(39,'Luisa','López','+57 123 456 7828'),(40,'Miguel Ángel','González','+57 123 456 7829'),(41,'Carolina','Ramírez','+57 123 456 7830'),(42,'Esteban','Torres','+57 123 456 7831'),(43,'Sofía','Pérez','+57 123 456 7832'),(44,'Nicolás','García','+57 123 456 7833'),(45,'Camilo','Martínez','+57 123 456 7834'),(46,'Valentina','Sánchez','+57 123 456 7835'),(47,'Juan David','López','+57 123 456 7836'),(48,'Laura','Rodríguez','+57 123 456 7837'),(49,'Carlos','Medina','+57 123 456 7838'),(50,'María Camila','Ramírez','+57 123 456 7839'),(51,'Sebastián','González','+57 123 456 7840'),(52,'Valeria','Gómez','+57 123 456 7841'),(53,'Andrés','Pérez','+57 123 456 7842'),(54,'Daniela','Martínez','+57 123 456 7843'),(55,'Luisa','Sánchez','+57 123 456 7844'),(56,'Juan José','López','+57 123 456 7845'),(57,'Andrea','Torres','+57 123 456 7846'),(58,'José David','García','+57 123 456 7847'),(59,'Camila','Ramírez','+57 123 456 7848'),(60,'Diego','González','+57 123 456 7849'),(61,'Valentina','Medina','+57 123 456 7850'),(62,'Santiago','Rodríguez','+57 123 456 7851'),(63,'Laura','Sánchez','+57 123 456 7852'),(64,'Carlos','Pérez','+57 123 456 7853'),(65,'María José','Gómez','+57 123 456 7854'),(66,'Juan Sebastián','Martínez','+57 123 456 7855'),(67,'Ana','García','+57 123 456 7856'),(68,'Andrés','López','+57 123 456 7857'),(69,'Laura','Pérez','+57 123 456 7858'),(70,'Carlos','Ramírez','+57 123 456 7859'),(71,'María Fernanda','González','+57 123 456 7860'),(72,'Felipe','Torres','+57 123 456 7861'),(73,'Sofía','Medina','+57 123 456 7862'),(74,'Juan Pablo','Rodríguez','+57 123 456 7863'),(75,'Valentina','Sánchez','+57 123 456 7864'),(76,'Sebastián','López','+57 123 456 7865'),(77,'Valeria','Pérez','+57 123 456 7866'),(78,'Andrés','García','+57 123 456 7867'),(79,'Daniela','Ramírez','+57 123 456 7868'),(80,'Luis','Rodríguez','+57 123 456 7869'),(81,'María Camila','Gómez','+57 123 456 7870'),(82,'Juan David','Martínez','+57 123 456 7871'),(83,'Laura','García','+57 123 456 7872'),(84,'Carlos','Medina','+57 123 456 7873'),(85,'María José','Pérez','+57 123 456 7874'),(86,'Sebastián','González','+57 123 456 7875'),(87,'Valeria','Gómez','+57 123 456 7876'),(88,'Andrés','Pérez','+57 123 456 7877'),(89,'Daniela','Martínez','+57 123 456 7878'),(90,'Luisa','Sánchez','+57 123 456 7879'),(91,'Pedro','Pérez','+51 123 456 7890'),(92,'María','González','+58 123 456 7891'),(93,'Carlos','Rodríguez','+593 123 456 7892'),(94,'Laura','Martínez','+507 123 456 7893'),(95,'Andrés','Sánchez','+502 123 456 7894'),(96,'Paola','López','+593 123 456 7895'),(97,'David','Gómez','+51 123 456 7896'),(98,'Ana','Ramírez','+503 123 456 7897'),(99,'Luis','García','+51 123 456 7898'),(100,'Carolina','Torres','+51 123 456 7899'),(101,'Santiago','Díaz','+593 123 456 7800'),(102,'Valentina','Vargas','+58 123 456 7801'),(103,'Diego','Franco','+503 123 456 7802'),(104,'Camila','Castro','+506 123 456 7803'),(105,'Gabriel','Ramírez','+51 123 456 7804'),(106,'Natalia','Herrera','+507 123 456 7805'),(107,'Javier','Medina','+593 123 456 7806'),(108,'Sofía','Jiménez','+58 123 456 7807'),(109,'Daniel','Mendoza','+51 123 456 7808'),(110,'Alejandra','Suárez','+51 123 456 7809'),(111,'Felipe','Molina','+506 123 456 7810'),(112,'Juliana','Ortiz','+58 123 456 7811'),(113,'Pablo','Ruiz','+593 123 456 7812'),(114,'Victoria','González','+503 123 456 7813'),(115,'Sebastián','Pérez','+507 123 456 7814'),(116,'Andrea','García','+507 123 456 7815'),(117,'José','Martínez','+51 123 456 7816'),(118,'Marcela','Sánchez','+58 123 456 7817'),(119,'Alejandro','Rodríguez','+506 123 456 7818'),(120,'Paula','López','+503 123 456 7819');
/*!40000 ALTER TABLE `domiciliario` ENABLE KEYS */;
UNLOCK TABLES;

--
-- Table structure for table `entrega`
--

DROP TABLE IF EXISTS `entrega`;
/*!40101 SET @saved_cs_client     = @@character_set_client */;
/*!50503 SET character_set_client = utf8mb4 */;
CREATE TABLE `entrega` (
  `IdEntrega` int NOT NULL AUTO_INCREMENT,
  `IdProveedor` int NOT NULL,
  `IdInventario` int NOT NULL,
  `fechaEntrega` date NOT NULL,
  PRIMARY KEY (`IdEntrega`),
  KEY `IdProveedor` (`IdProveedor`),
  KEY `IdInventario` (`IdInventario`),
  CONSTRAINT `entrega_ibfk_1` FOREIGN KEY (`IdProveedor`) REFERENCES `proveedor` (`IdProveedor`),
  CONSTRAINT `entrega_ibfk_2` FOREIGN KEY (`IdInventario`) REFERENCES `inventario` (`IdInventario`)
) ENGINE=InnoDB AUTO_INCREMENT=228 DEFAULT CHARSET=utf8mb4 COLLATE=utf8mb4_0900_ai_ci;
/*!40101 SET character_set_client = @saved_cs_client */;

--
-- Dumping data for table `entrega`
--

LOCK TABLES `entrega` WRITE;
/*!40000 ALTER TABLE `entrega` DISABLE KEYS */;
INSERT INTO `entrega` VALUES (1,42,1,'2024-06-04'),(2,75,2,'2024-06-05'),(3,63,3,'2024-06-06'),(4,48,4,'2024-06-07'),(5,69,5,'2024-06-08'),(6,17,6,'2024-06-09'),(7,3,7,'2024-06-10'),(8,3,8,'2024-06-11'),(9,50,9,'2024-06-12'),(10,47,10,'2024-06-13'),(11,10,11,'2024-06-14'),(12,45,12,'2024-06-15'),(13,34,13,'2024-06-16'),(14,59,1,'2024-06-17'),(15,9,2,'2024-06-18'),(16,71,3,'2024-06-19'),(17,63,4,'2024-06-20'),(18,63,5,'2024-06-21'),(19,89,6,'2024-06-22'),(20,38,7,'2024-06-23'),(21,88,8,'2024-06-24'),(22,88,9,'2024-06-25'),(23,45,10,'2024-06-26'),(24,47,11,'2024-06-27'),(25,71,12,'2024-06-28'),(26,75,13,'2024-06-29'),(27,81,1,'2024-06-30'),(28,1,2,'2024-07-01'),(29,60,3,'2024-07-02'),(30,55,4,'2024-07-03'),(31,72,5,'2024-07-04'),(32,4,6,'2024-07-05'),(33,11,7,'2024-07-06'),(34,26,8,'2024-07-07'),(35,62,9,'2024-07-08'),(36,26,10,'2024-07-09'),(37,71,11,'2024-07-10'),(38,49,12,'2024-07-11'),(39,94,13,'2024-07-12'),(40,96,1,'2024-07-13'),(41,56,2,'2024-07-14'),(42,76,3,'2024-07-15'),(43,19,4,'2024-07-16'),(44,5,5,'2024-07-17'),(45,11,6,'2024-07-18'),(46,85,7,'2024-07-19'),(47,71,8,'2024-07-20'),(48,49,9,'2024-07-21'),(49,90,10,'2024-07-22'),(50,9,11,'2024-07-23'),(51,36,12,'2024-07-24'),(52,43,13,'2024-07-25'),(53,69,1,'2024-07-26'),(54,58,2,'2024-07-27'),(55,3,3,'2024-07-28'),(56,16,4,'2024-07-29'),(57,11,5,'2024-07-30'),(58,46,6,'2024-07-31'),(59,41,7,'2024-08-01'),(60,26,8,'2024-08-02'),(61,69,9,'2024-08-03'),(62,58,10,'2024-08-04'),(63,68,11,'2024-08-05'),(64,4,12,'2024-08-06'),(65,11,13,'2024-08-07'),(66,6,1,'2024-08-08'),(67,34,2,'2024-08-09'),(68,55,3,'2024-08-10'),(69,87,4,'2024-08-11'),(70,72,5,'2024-08-12'),(71,44,6,'2024-08-13'),(72,16,7,'2024-08-14'),(73,53,8,'2024-08-15'),(74,59,9,'2024-08-16'),(75,54,10,'2024-08-17'),(76,95,11,'2024-08-18'),(77,67,12,'2024-08-19'),(78,5,13,'2024-08-20'),(79,2,1,'2024-08-21'),(80,16,2,'2024-08-22'),(81,67,3,'2024-08-23'),(82,77,4,'2024-08-24'),(83,68,5,'2024-08-25'),(84,47,6,'2024-08-26'),(85,33,7,'2024-08-27'),(86,92,8,'2024-08-28'),(87,99,9,'2024-08-29'),(88,97,10,'2024-08-30'),(89,1,11,'2024-08-31'),(90,14,12,'2024-09-01'),(91,14,13,'2024-09-02'),(92,44,1,'2024-09-03'),(93,76,2,'2024-09-04'),(94,62,3,'2024-09-05'),(95,70,4,'2024-09-06'),(96,79,5,'2024-09-07'),(97,14,6,'2024-09-08'),(98,28,7,'2024-09-09'),(99,55,8,'2024-09-10'),(100,5,9,'2024-09-11'),(101,47,10,'2024-09-12'),(102,100,11,'2024-09-13'),(103,81,12,'2024-09-14'),(104,57,13,'2024-09-15'),(105,38,1,'2024-09-16'),(106,29,2,'2024-09-17'),(107,98,3,'2024-09-18'),(108,8,4,'2024-09-19'),(109,41,5,'2024-09-20'),(110,58,6,'2024-09-21'),(111,73,7,'2024-09-22'),(112,29,8,'2024-09-23'),(113,53,9,'2024-09-24'),(114,71,10,'2024-09-25'),(115,76,11,'2024-09-26'),(116,36,12,'2024-09-27'),(117,98,13,'2024-09-28'),(118,42,1,'2024-09-29'),(119,9,2,'2024-09-30'),(120,58,3,'2024-10-01'),(121,67,4,'2024-10-02'),(122,92,5,'2024-10-03'),(123,35,6,'2024-10-04'),(124,32,7,'2024-10-05'),(125,35,8,'2024-10-06'),(126,53,9,'2024-10-07'),(127,15,10,'2024-10-08'),(128,53,6,'2022-05-22'),(129,24,4,'2023-07-21'),(130,17,1,'2022-05-12'),(131,91,13,'2022-07-20'),(132,3,13,'2023-02-12'),(133,3,12,'2023-07-26'),(134,42,2,'2024-11-01'),(135,47,3,'2023-10-07'),(136,6,8,'2024-03-28'),(137,37,7,'2022-02-27'),(138,55,1,'2024-11-07'),(139,48,7,'2024-01-09'),(140,50,8,'2024-03-16'),(141,10,4,'2022-01-18'),(142,38,10,'2024-08-04'),(143,21,8,'2022-08-24'),(144,19,10,'2024-01-19'),(145,7,10,'2023-03-26'),(146,75,9,'2022-05-21'),(147,53,12,'2024-03-02'),(148,59,11,'2024-08-20'),(149,100,4,'2023-11-08'),(150,68,12,'2022-03-18'),(151,35,2,'2023-02-13'),(152,15,2,'2024-07-13'),(153,81,1,'2022-04-13'),(154,90,9,'2024-10-16'),(155,45,12,'2023-08-09'),(156,29,8,'2023-04-10'),(157,40,1,'2023-10-24'),(158,25,10,'2022-02-25'),(159,67,6,'2023-04-25'),(160,15,9,'2023-08-19'),(161,81,7,'2023-09-04'),(162,87,2,'2022-07-02'),(163,93,6,'2022-06-26'),(164,29,4,'2023-05-12'),(165,34,7,'2022-07-11'),(166,19,1,'2022-11-28'),(167,81,11,'2022-10-18'),(168,12,11,'2022-04-16'),(169,40,2,'2022-02-18'),(170,60,3,'2024-11-06'),(171,89,9,'2024-06-12'),(172,44,8,'2023-09-06'),(173,59,3,'2023-03-13'),(174,1,1,'2022-03-24'),(175,61,12,'2022-12-27'),(176,19,14,'2024-10-20'),(177,33,8,'2022-10-11'),(178,62,1,'2022-06-16'),(179,82,4,'2023-10-03'),(180,73,6,'2024-05-01'),(181,28,10,'2024-11-19'),(182,82,3,'2023-09-09'),(183,1,6,'2024-02-11'),(184,89,13,'2023-04-19'),(185,18,2,'2022-06-12'),(186,73,8,'2023-12-21'),(187,73,7,'2023-03-28'),(188,18,7,'2022-10-22'),(189,11,9,'2023-09-20'),(190,10,2,'2023-12-18'),(191,62,6,'2022-07-20'),(192,17,2,'2024-01-16'),(193,23,5,'2023-02-06'),(194,26,10,'2024-10-03'),(195,49,12,'2024-11-02'),(196,98,5,'2023-05-03'),(197,74,11,'2023-02-25'),(198,7,5,'2023-11-17'),(199,6,3,'2024-06-11'),(200,31,5,'2023-01-15'),(201,17,5,'2022-11-06'),(202,85,13,'2022-05-03'),(203,100,8,'2022-08-03'),(204,35,14,'2024-09-11'),(205,31,8,'2022-01-12'),(206,4,4,'2023-06-09'),(207,72,6,'2022-01-18'),(208,36,3,'2024-07-22'),(209,19,6,'2024-06-19'),(210,21,3,'2024-07-12'),(211,30,10,'2024-07-25'),(212,82,13,'2023-08-06'),(213,29,9,'2022-09-13'),(214,28,13,'2024-09-09'),(215,37,1,'2024-03-23'),(216,40,13,'2022-09-20'),(217,52,9,'2023-03-04'),(218,12,1,'2024-03-18'),(219,72,12,'2022-05-18'),(220,34,6,'2022-12-07'),(221,59,3,'2024-07-23'),(222,91,8,'2022-05-24'),(223,12,8,'2023-09-13'),(224,57,10,'2023-01-01'),(225,35,11,'2024-01-06'),(226,30,7,'2024-08-04'),(227,36,1,'2023-02-14');
/*!40000 ALTER TABLE `entrega` ENABLE KEYS */;
UNLOCK TABLES;

--
-- Table structure for table `factura`
--

DROP TABLE IF EXISTS `factura`;
/*!40101 SET @saved_cs_client     = @@character_set_client */;
/*!50503 SET character_set_client = utf8mb4 */;
CREATE TABLE `factura` (
  `IdFactura` int NOT NULL AUTO_INCREMENT,
  `IdUsuario` int NOT NULL,
  `total` decimal(10,2) NOT NULL,
  `fechaCompra` date NOT NULL,
  PRIMARY KEY (`IdFactura`)
) ENGINE=InnoDB AUTO_INCREMENT=101 DEFAULT CHARSET=utf8mb4 COLLATE=utf8mb4_0900_ai_ci;
/*!40101 SET character_set_client = @saved_cs_client */;

--
-- Dumping data for table `factura`
--

LOCK TABLES `factura` WRITE;
/*!40000 ALTER TABLE `factura` DISABLE KEYS */;
INSERT INTO `factura` VALUES (1,53,645146.00,'2022-05-22'),(2,100,351839.00,'2023-07-21'),(3,51,484576.00,'2022-05-12'),(4,92,641126.00,'2022-07-20'),(5,36,91899.00,'2023-02-12'),(6,45,747140.00,'2023-07-26'),(7,3,82955.00,'2024-11-01'),(8,52,285029.00,'2023-10-07'),(9,11,466461.00,'2024-03-28'),(10,42,480160.00,'2022-02-27'),(11,37,834423.00,'2024-11-07'),(12,42,256806.00,'2024-01-09'),(13,55,733872.00,'2024-03-16'),(14,8,255721.00,'2022-01-18'),(15,50,697893.00,'2024-08-04'),(16,73,838239.00,'2022-08-24'),(17,19,72167.00,'2024-01-19'),(18,17,966011.00,'2023-03-26'),(19,45,122674.00,'2022-05-21'),(20,58,991918.00,'2024-03-02'),(21,56,227772.00,'2024-08-20'),(22,44,467587.00,'2023-11-08'),(23,72,121569.00,'2022-03-18'),(24,79,696724.00,'2023-02-13'),(25,35,156318.00,'2024-07-13'),(26,36,886047.00,'2022-04-13'),(27,32,266568.00,'2024-10-16'),(28,33,739118.00,'2023-08-09'),(29,65,422101.00,'2023-04-10'),(30,12,444148.00,'2023-10-24'),(31,5,976340.00,'2022-02-25'),(32,93,898675.00,'2023-04-25'),(33,73,111073.00,'2023-08-19'),(34,70,399826.00,'2023-09-04'),(35,87,192226.00,'2022-07-02'),(36,62,903881.00,'2022-06-26'),(37,11,648186.00,'2023-05-12'),(38,65,447634.00,'2022-07-11'),(39,7,916074.00,'2022-11-28'),(40,60,483450.00,'2022-10-18'),(41,93,859701.00,'2022-04-16'),(42,11,220920.00,'2022-02-18'),(43,5,588913.00,'2024-11-06'),(44,27,519122.00,'2024-06-12'),(45,7,45127.00,'2023-09-06'),(46,89,582305.00,'2023-03-13'),(47,30,224241.00,'2022-03-24'),(48,75,528248.00,'2022-12-27'),(49,41,441397.00,'2024-10-20'),(50,65,296867.00,'2022-10-11'),(51,80,313427.00,'2022-06-16'),(52,0,478342.00,'2023-10-03'),(53,20,694001.00,'2024-05-01'),(54,62,775869.00,'2024-11-19'),(55,7,783663.00,'2023-09-09'),(56,80,701203.00,'2024-02-11'),(57,52,705942.00,'2023-04-19'),(58,28,808813.00,'2022-06-12'),(59,19,680786.00,'2023-12-21'),(60,46,931230.00,'2023-03-28'),(61,28,455578.00,'2022-10-22'),(62,52,968164.00,'2023-09-20'),(63,7,650279.00,'2023-12-18'),(64,86,111105.00,'2022-07-20'),(65,84,68674.00,'2024-01-16'),(66,50,114143.00,'2023-02-06'),(67,20,169820.00,'2024-10-03'),(68,51,348165.00,'2024-11-02'),(69,79,538328.00,'2023-05-03'),(70,3,616697.00,'2023-02-25'),(71,73,345853.00,'2023-11-17'),(72,88,896431.00,'2024-06-11'),(73,65,868827.00,'2023-01-15'),(74,61,987930.00,'2022-11-06'),(75,70,144823.00,'2022-05-03'),(76,9,152577.00,'2022-08-03'),(77,93,685946.00,'2024-09-11'),(78,82,751085.00,'2022-01-12'),(79,52,366971.00,'2023-06-09'),(80,83,628880.00,'2022-01-18'),(81,44,946700.00,'2024-07-22'),(82,26,871519.00,'2024-06-19'),(83,53,726869.00,'2024-07-12'),(84,28,632593.00,'2024-07-25'),(85,78,706179.00,'2023-08-06'),(86,72,410987.00,'2022-09-13'),(87,82,690225.00,'2024-09-09'),(88,20,589128.00,'2024-03-23'),(89,89,407695.00,'2022-09-20'),(90,66,279074.00,'2023-03-04'),(91,76,140955.00,'2024-03-18'),(92,51,275928.00,'2022-05-18'),(93,47,145204.00,'2022-12-07'),(94,41,884592.00,'2024-07-23'),(95,96,685959.00,'2022-05-24'),(96,20,954970.00,'2023-09-13'),(97,85,463726.00,'2023-01-01'),(98,38,705397.00,'2024-01-06'),(99,53,437591.00,'2024-08-04'),(100,7,244467.00,'2023-02-14');
/*!40000 ALTER TABLE `factura` ENABLE KEYS */;
UNLOCK TABLES;

--
-- Table structure for table `guia`
--

DROP TABLE IF EXISTS `guia`;
/*!40101 SET @saved_cs_client     = @@character_set_client */;
/*!50503 SET character_set_client = utf8mb4 */;
CREATE TABLE `guia` (
  `IdGuia` int NOT NULL AUTO_INCREMENT,
  `IdFactura` int NOT NULL,
  `IdDomiciliario` int NOT NULL,
  `estado` varchar(20) NOT NULL,
  `fecha` date DEFAULT NULL,
  PRIMARY KEY (`IdGuia`),
  KEY `IdFactura` (`IdFactura`),
  KEY `IdDomiciliario` (`IdDomiciliario`),
  CONSTRAINT `guia_ibfk_1` FOREIGN KEY (`IdFactura`) REFERENCES `factura` (`IdFactura`),
  CONSTRAINT `guia_ibfk_2` FOREIGN KEY (`IdDomiciliario`) REFERENCES `domiciliario` (`IdDomiciliario`)
) ENGINE=InnoDB AUTO_INCREMENT=101 DEFAULT CHARSET=utf8mb4 COLLATE=utf8mb4_0900_ai_ci;
/*!40101 SET character_set_client = @saved_cs_client */;

--
-- Dumping data for table `guia`
--

LOCK TABLES `guia` WRITE;
/*!40000 ALTER TABLE `guia` DISABLE KEYS */;
INSERT INTO `guia` VALUES (1,1,9,'Alistando','2022-05-22'),(2,2,8,'En camino','2023-07-21'),(3,3,80,'Entregado','2022-05-12'),(4,4,53,'Alistando','2022-07-20'),(5,5,34,'En camino','2023-02-12'),(6,6,80,'Entregado','2023-07-26'),(7,7,11,'Alistando','2024-11-01'),(8,8,82,'En camino','2023-10-07'),(9,9,42,'Entregado','2024-03-28'),(10,10,56,'Alistando','2022-02-27'),(11,11,24,'En camino','2024-11-07'),(12,12,82,'Entregado','2024-01-09'),(13,13,16,'Alistando','2024-03-16'),(14,14,85,'En camino','2022-01-18'),(15,15,11,'Entregado','2024-08-04'),(16,16,42,'Alistando','2022-08-24'),(17,17,16,'En camino','2024-01-19'),(18,18,14,'Entregado','2023-03-26'),(19,19,8,'Alistando','2022-05-21'),(20,20,70,'En camino','2024-03-02'),(21,21,44,'Entregado','2024-08-20'),(22,22,25,'Alistando','2023-11-08'),(23,23,79,'En camino','2022-03-18'),(24,24,14,'Entregado','2023-02-13'),(25,25,55,'Alistando','2024-07-13'),(26,26,95,'Alistando','2022-04-13'),(27,27,18,'En camino','2024-10-16'),(28,28,11,'Entregado','2023-08-09'),(29,29,22,'Alistando','2023-04-10'),(30,30,11,'En camino','2023-10-24'),(31,31,81,'Entregado','2022-02-25'),(32,32,49,'Alistando','2023-04-25'),(33,33,97,'En camino','2023-08-19'),(34,34,89,'Entregado','2023-09-04'),(35,35,75,'Alistando','2022-07-02'),(36,36,8,'En camino','2022-06-26'),(37,37,74,'Entregado','2023-05-12'),(38,38,44,'Alistando','2022-07-11'),(39,39,56,'En camino','2022-11-28'),(40,40,32,'Entregado','2022-10-18'),(41,41,33,'Alistando','2022-04-16'),(42,42,91,'En camino','2022-02-18'),(43,43,75,'Entregado','2024-11-06'),(44,44,89,'Alistando','2024-06-12'),(45,45,15,'En camino','2023-09-06'),(46,46,42,'Entregado','2023-03-13'),(47,47,27,'Alistando','2022-03-24'),(48,48,33,'En camino','2022-12-27'),(49,49,53,'Entregado','2024-10-20'),(50,50,80,'Alistando','2022-10-11'),(51,51,26,'Alistando','2022-06-16'),(52,52,16,'En camino','2023-10-03'),(53,53,62,'Entregado','2024-05-01'),(54,54,46,'Alistando','2024-11-19'),(55,55,5,'En camino','2023-09-09'),(56,56,48,'Entregado','2024-02-11'),(57,57,54,'Alistando','2023-04-19'),(58,58,59,'En camino','2022-06-12'),(59,59,35,'Entregado','2023-12-21'),(60,60,17,'Alistando','2023-03-28'),(61,61,11,'En camino','2022-10-22'),(62,62,39,'Entregado','2023-09-20'),(63,63,48,'Alistando','2023-12-18'),(64,64,28,'En camino','2022-07-20'),(65,65,26,'Entregado','2024-01-16'),(66,66,81,'Alistando','2023-02-06'),(67,67,37,'En camino','2024-10-03'),(68,68,98,'Entregado','2024-11-02'),(69,69,29,'Alistando','2023-05-03'),(70,70,95,'En camino','2023-02-25'),(71,71,7,'Entregado','2023-11-17'),(72,72,16,'Alistando','2024-06-11'),(73,73,56,'En camino','2023-01-15'),(74,74,26,'Entregado','2022-11-06'),(75,75,48,'Alistando','2022-05-03'),(76,76,58,'Alistando','2022-08-03'),(77,77,58,'En camino','2024-09-11'),(78,78,2,'Entregado','2022-01-12'),(79,79,98,'Alistando','2023-06-09'),(80,80,39,'En camino','2022-01-18'),(81,81,94,'Entregado','2024-07-22'),(82,82,6,'Alistando','2024-06-19'),(83,83,90,'En camino','2024-07-12'),(84,84,23,'Entregado','2024-07-25'),(85,85,82,'Alistando','2023-08-06'),(86,86,73,'En camino','2022-09-13'),(87,87,46,'Entregado','2024-09-09'),(88,88,99,'Alistando','2024-03-23'),(89,89,48,'En camino','2022-09-20'),(90,90,2,'Entregado','2023-03-04'),(91,91,51,'Alistando','2024-03-18'),(92,92,65,'En camino','2022-05-18'),(93,93,43,'Entregado','2022-12-07'),(94,94,42,'Alistando','2024-07-23'),(95,95,84,'En camino','2022-05-24'),(96,96,50,'Entregado','2023-09-13'),(97,97,84,'Alistando','2023-01-01'),(98,98,59,'En camino','2024-01-06'),(99,99,78,'Entregado','2024-08-04'),(100,100,97,'Alistando','2023-02-14');
/*!40000 ALTER TABLE `guia` ENABLE KEYS */;
UNLOCK TABLES;

--
-- Table structure for table `inventario`
--

DROP TABLE IF EXISTS `inventario`;
/*!40101 SET @saved_cs_client     = @@character_set_client */;
/*!50503 SET character_set_client = utf8mb4 */;
CREATE TABLE `inventario` (
  `IdInventario` int NOT NULL AUTO_INCREMENT,
  `IdProducto` int NOT NULL,
  `stock` int NOT NULL,
  PRIMARY KEY (`IdInventario`),
  KEY `IdProducto` (`IdProducto`),
  CONSTRAINT `inventario_ibfk_1` FOREIGN KEY (`IdProducto`) REFERENCES `producto` (`IdProducto`)
) ENGINE=InnoDB AUTO_INCREMENT=15 DEFAULT CHARSET=utf8mb4 COLLATE=utf8mb4_0900_ai_ci;
/*!40101 SET character_set_client = @saved_cs_client */;

--
-- Dumping data for table `inventario`
--

LOCK TABLES `inventario` WRITE;
/*!40000 ALTER TABLE `inventario` DISABLE KEYS */;
INSERT INTO `inventario` VALUES (1,1,45),(2,2,55),(3,3,50),(4,4,40),(5,5,35),(6,6,30),(7,7,40),(8,8,35),(9,9,40),(10,10,35),(11,11,45),(12,12,50),(13,13,55),(14,14,354);
/*!40000 ALTER TABLE `inventario` ENABLE KEYS */;
UNLOCK TABLES;

--
-- Table structure for table `metodopago`
--

DROP TABLE IF EXISTS `metodopago`;
/*!40101 SET @saved_cs_client     = @@character_set_client */;
/*!50503 SET character_set_client = utf8mb4 */;
CREATE TABLE `metodopago` (
  `IdMetodoPago` int NOT NULL AUTO_INCREMENT,
  `nombre` varchar(20) NOT NULL,
  `descripcion` varchar(30) DEFAULT NULL,
  PRIMARY KEY (`IdMetodoPago`)
) ENGINE=InnoDB AUTO_INCREMENT=8 DEFAULT CHARSET=utf8mb4 COLLATE=utf8mb4_0900_ai_ci;
/*!40101 SET character_set_client = @saved_cs_client */;

--
-- Dumping data for table `metodopago`
--

LOCK TABLES `metodopago` WRITE;
/*!40000 ALTER TABLE `metodopago` DISABLE KEYS */;
INSERT INTO `metodopago` VALUES (1,'EFECTIVO','Pago en efectivo'),(2,'TARJETA CREDITO','Tarjeta credito de banco'),(3,'TARJETA DEBITO','Tarjeta debito de banco'),(4,'PAYPAL','Cartera digital PayPal'),(5,'BITCOIN','Criptomoneda Bitcoin'),(6,'TRANSF BANCARIA','Transferencia bancaria directa'),(7,'TRANSF BANCARIA','Transferencia bancaria directa');
/*!40000 ALTER TABLE `metodopago` ENABLE KEYS */;
UNLOCK TABLES;

--
-- Table structure for table `pago`
--

DROP TABLE IF EXISTS `pago`;
/*!40101 SET @saved_cs_client     = @@character_set_client */;
/*!50503 SET character_set_client = utf8mb4 */;
CREATE TABLE `pago` (
  `IdPago` int NOT NULL AUTO_INCREMENT,
  `IdFactura` int NOT NULL,
  `IdMetodoPago` int NOT NULL,
  `montoPagar` decimal(10,2) NOT NULL,
  `estado` varchar(15) DEFAULT NULL,
  `fechaPago` date DEFAULT NULL,
  PRIMARY KEY (`IdPago`),
  KEY `IdFactura` (`IdFactura`),
  KEY `IdMetodoPago` (`IdMetodoPago`),
  CONSTRAINT `pago_ibfk_1` FOREIGN KEY (`IdFactura`) REFERENCES `factura` (`IdFactura`),
  CONSTRAINT `pago_ibfk_2` FOREIGN KEY (`IdMetodoPago`) REFERENCES `metodopago` (`IdMetodoPago`)
) ENGINE=InnoDB AUTO_INCREMENT=101 DEFAULT CHARSET=utf8mb4 COLLATE=utf8mb4_0900_ai_ci;
/*!40101 SET character_set_client = @saved_cs_client */;

--
-- Dumping data for table `pago`
--

LOCK TABLES `pago` WRITE;
/*!40000 ALTER TABLE `pago` DISABLE KEYS */;
INSERT INTO `pago` VALUES (1,1,2,645146.00,'Aceptado','2022-05-22'),(2,2,6,351839.00,'Denegado','2023-07-21'),(3,3,4,484576.00,'En proceso','2022-05-12'),(4,4,5,641126.00,'Aceptado','2022-07-20'),(5,5,3,91899.00,'Denegado','2023-02-12'),(6,6,6,747140.00,'En proceso','2023-07-26'),(7,7,6,82955.00,'Aceptado','2024-11-01'),(8,8,1,285029.00,'Denegado','2023-10-07'),(9,9,5,466461.00,'En proceso','2024-03-28'),(10,10,4,480160.00,'Aceptado','2022-02-27'),(11,11,3,834423.00,'Denegado','2024-11-07'),(12,12,5,256806.00,'En proceso','2024-01-09'),(13,13,2,733872.00,'Aceptado','2024-03-16'),(14,14,3,255721.00,'Denegado','2022-01-18'),(15,15,1,697893.00,'En proceso','2024-08-04'),(16,16,3,838239.00,'Aceptado','2022-08-24'),(17,17,5,72167.00,'Denegado','2024-01-19'),(18,18,6,966011.00,'En proceso','2023-03-26'),(19,19,3,122674.00,'Aceptado','2022-05-21'),(20,20,4,991918.00,'Denegado','2024-03-02'),(21,21,1,227772.00,'En proceso','2024-08-20'),(22,22,4,467587.00,'Aceptado','2023-11-08'),(23,23,3,121569.00,'Denegado','2022-03-18'),(24,24,6,696724.00,'En proceso','2023-02-13'),(25,25,1,156318.00,'Aceptado','2024-07-13'),(26,26,2,886047.00,'Denegado','2022-04-13'),(27,27,4,266568.00,'En proceso','2024-10-16'),(28,28,5,739118.00,'Aceptado','2023-08-09'),(29,29,1,422101.00,'Denegado','2023-04-10'),(30,30,3,444148.00,'En proceso','2023-10-24'),(31,31,4,976340.00,'Aceptado','2022-02-25'),(32,32,6,898675.00,'Denegado','2023-04-25'),(33,33,5,111073.00,'En proceso','2023-08-19'),(34,34,5,399826.00,'Aceptado','2023-09-04'),(35,35,3,192226.00,'Denegado','2022-07-02'),(36,36,3,903881.00,'En proceso','2022-06-26'),(37,37,1,648186.00,'Aceptado','2023-05-12'),(38,38,1,447634.00,'Denegado','2022-07-11'),(39,39,3,916074.00,'En proceso','2022-11-28'),(40,40,3,483450.00,'Aceptado','2022-10-18'),(41,41,6,859701.00,'Denegado','2022-04-16'),(42,42,5,220920.00,'En proceso','2022-02-18'),(43,43,5,588913.00,'Aceptado','2024-11-06'),(44,44,5,519122.00,'Denegado','2024-06-12'),(45,45,5,45127.00,'En proceso','2023-09-06'),(46,46,1,582305.00,'Aceptado','2023-03-13'),(47,47,6,224241.00,'Denegado','2022-03-24'),(48,48,6,528248.00,'En proceso','2022-12-27'),(49,49,1,441397.00,'Aceptado','2024-10-20'),(50,50,5,296867.00,'Denegado','2022-10-11'),(51,51,3,313427.00,'En proceso','2022-06-16'),(52,52,4,478342.00,'Aceptado','2023-10-03'),(53,53,5,694001.00,'Denegado','2024-05-01'),(54,54,1,775869.00,'En proceso','2024-11-19'),(55,55,4,783663.00,'Aceptado','2023-09-09'),(56,56,5,701203.00,'Denegado','2024-02-11'),(57,57,5,705942.00,'En proceso','2023-04-19'),(58,58,4,808813.00,'Aceptado','2022-06-12'),(59,59,2,680786.00,'Denegado','2023-12-21'),(60,60,5,931230.00,'En proceso','2023-03-28'),(61,61,2,455578.00,'Aceptado','2022-10-22'),(62,62,6,968164.00,'Denegado','2023-09-20'),(63,63,2,650279.00,'En proceso','2023-12-18'),(64,64,3,111105.00,'Aceptado','2022-07-20'),(65,65,5,68674.00,'Denegado','2024-01-16'),(66,66,1,114143.00,'En proceso','2023-02-06'),(67,67,5,169820.00,'Aceptado','2024-10-03'),(68,68,2,348165.00,'Denegado','2024-11-02'),(69,69,6,538328.00,'En proceso','2023-05-03'),(70,70,5,616697.00,'Aceptado','2023-02-25'),(71,71,6,345853.00,'Denegado','2023-11-17'),(72,72,5,896431.00,'En proceso','2024-06-11'),(73,73,3,868827.00,'Aceptado','2023-01-15'),(74,74,3,987930.00,'Denegado','2022-11-06'),(75,75,3,144823.00,'En proceso','2022-05-03'),(76,76,4,152577.00,'Aceptado','2022-08-03'),(77,77,4,685946.00,'Denegado','2024-09-11'),(78,78,2,751085.00,'En proceso','2022-01-12'),(79,79,2,366971.00,'Aceptado','2023-06-09'),(80,80,6,628880.00,'Denegado','2022-01-18'),(81,81,5,946700.00,'En proceso','2024-07-22'),(82,82,1,871519.00,'Aceptado','2024-06-19'),(83,83,1,726869.00,'Denegado','2024-07-12'),(84,84,1,632593.00,'En proceso','2024-07-25'),(85,85,5,706179.00,'Aceptado','2023-08-06'),(86,86,4,410987.00,'Denegado','2022-09-13'),(87,87,6,690225.00,'En proceso','2024-09-09'),(88,88,2,589128.00,'Aceptado','2024-03-23'),(89,89,3,407695.00,'Denegado','2022-09-20'),(90,90,3,279074.00,'En proceso','2023-03-04'),(91,91,1,140955.00,'Aceptado','2024-03-18'),(92,92,6,275928.00,'Denegado','2022-05-18'),(93,93,4,145204.00,'En proceso','2022-12-07'),(94,94,3,884592.00,'Aceptado','2024-07-23'),(95,95,5,685959.00,'Denegado','2022-05-24'),(96,96,2,954970.00,'En proceso','2023-09-13'),(97,97,1,463726.00,'Aceptado','2023-01-01'),(98,98,5,705397.00,'Denegado','2024-01-06'),(99,99,1,437591.00,'En proceso','2024-08-04'),(100,100,2,244467.00,'Aceptado','2023-02-14');
/*!40000 ALTER TABLE `pago` ENABLE KEYS */;
UNLOCK TABLES;

--
-- Table structure for table `pais`
--

DROP TABLE IF EXISTS `pais`;
/*!40101 SET @saved_cs_client     = @@character_set_client */;
/*!50503 SET character_set_client = utf8mb4 */;
CREATE TABLE `pais` (
  `IdPais` int NOT NULL AUTO_INCREMENT,
  `nombre` varchar(20) NOT NULL,
  `descripcion` varchar(30) DEFAULT NULL,
  PRIMARY KEY (`IdPais`)
) ENGINE=InnoDB AUTO_INCREMENT=8 DEFAULT CHARSET=utf8mb4 COLLATE=utf8mb4_0900_ai_ci;
/*!40101 SET character_set_client = @saved_cs_client */;

--
-- Dumping data for table `pais`
--

LOCK TABLES `pais` WRITE;
/*!40000 ALTER TABLE `pais` DISABLE KEYS */;
INSERT INTO `pais` VALUES (1,'COLOMBIA','Pais de America Latina'),(2,'VENEZUELA','Pais de America Latina'),(3,'ECUADOR','Pais de America Latina'),(4,'ARGENTINA','Pais de America Latina'),(5,'ESPAÑA','Pais de Europa'),(6,'BRASIL','Pais de America Latina'),(7,'PERU','Pais de America Latina');
/*!40000 ALTER TABLE `pais` ENABLE KEYS */;
UNLOCK TABLES;

--
-- Table structure for table `producto`
--

DROP TABLE IF EXISTS `producto`;
/*!40101 SET @saved_cs_client     = @@character_set_client */;
/*!50503 SET character_set_client = utf8mb4 */;
CREATE TABLE `producto` (
  `IdProducto` int NOT NULL AUTO_INCREMENT,
  `nombre` varchar(50) DEFAULT NULL,
  `MARCA` varchar(40) DEFAULT NULL,
  PRIMARY KEY (`IdProducto`)
) ENGINE=InnoDB AUTO_INCREMENT=466 DEFAULT CHARSET=utf8mb4 COLLATE=utf8mb4_0900_ai_ci;
/*!40101 SET character_set_client = @saved_cs_client */;

--
-- Dumping data for table `producto`
--

LOCK TABLES `producto` WRITE;
/*!40000 ALTER TABLE `producto` DISABLE KEYS */;
INSERT INTO `producto` VALUES (1,'Vodka Absolut','Absolut'),(2,'Vodka Absolut Elyx','Absolut'),(3,'Vodka Absolut Citron','Absolut'),(4,'Vodka Absolut Mandrin','Absolut'),(5,'Vodka Absolut Peppar','Absolut'),(6,'Vodka Absolut Vanilia','Absolut'),(7,'Vodka Absolut Kurant','Absolut'),(8,'Vodka Absolut Raspberri','Absolut'),(9,'Vodka Absolut Ruby Red','Absolut'),(10,'Vodka Absolut Lime','Absolut'),(11,'Vodka Absolut Pears','Absolut'),(12,'Vodka Absolut Apeach','Absolut'),(13,'Vodka Absolut Hibiskus','Absolut'),(14,'Vodka Absolut Extrakt','Absolut'),(15,'Vodka Absolut Juice Edition','Absolut'),(16,'Ron Bacardi','Bacardi'),(17,'Ron Bacardi Limón','Bacardi'),(18,'Ron Bacardi Oakheart','Bacardi'),(19,'Ron Bacardi Gold','Bacardi'),(20,'Ron Bacardi Black','Bacardi'),(21,'Ron Bacardi Superior','Bacardi'),(22,'Ron Bacardi Gran Reserva Diez','Bacardi'),(23,'Ron Bacardi Reserva Ocho','Bacardi'),(24,'Ron Bacardi Añejo Cuatro','Bacardi'),(25,'Ron Bacardi Raspberry','Bacardi'),(26,'Ron Bacardi Coconut','Bacardi'),(27,'Ron Bacardi Mango','Bacardi'),(28,'Ron Bacardi Dragon Berry','Bacardi'),(29,'Ron Bacardi Pineapple Fusion','Bacardi'),(30,'Whisky Ballantines','Ballantines'),(31,'Whisky Ballantines Finest','Ballantines'),(32,'Whisky Ballantines 12 Year Old','Ballantines'),(33,'Whisky Ballantines 17 Year Old','Ballantines'),(34,'Whisky Ballantines 21 Year Old','Ballantines'),(35,'Whisky Ballantines Brasil','Ballantines'),(36,'Whisky Ballantines 40 Year Old','Ballantines'),(37,'Whisky Ballantines Christmas Reserve','Ballantines'),(38,'Whisky Ballantines 30 Year Old','Ballantines'),(39,'Whisky Ballantines Limited Edition 2017','Ballantines'),(40,'Whisky Ballantines Limited Edition 2018','Ballantines'),(41,'Whisky Ballantines Limited Edition 2019','Ballantines'),(42,'Whisky Ballantines Hard Fired','Ballantines'),(43,'Whisky Ballantines Very Old','Ballantines'),(44,'Ginebra Beefeater','Beefeater'),(45,'Ginebra Beefeater 24','Beefeater'),(46,'Ginebra Beefeater Pink','Beefeater'),(47,'Ginebra Beefeater Blood Orange','Beefeater'),(48,'Ginebra Beefeater London Garden','Beefeater'),(49,'Ginebra Beefeater London Dry','Beefeater'),(50,'Ginebra Beefeater Burroughs Reserve','Beefeater'),(51,'Ginebra Beefeater Crown Jewel','Beefeater'),(52,'Ginebra Beefeater Summer Edition','Beefeater'),(53,'Ginebra Beefeater Winter Edition','Beefeater'),(54,'Ginebra Beefeater 1895','Beefeater'),(55,'Ginebra Beefeater 303','Beefeater'),(56,'Ginebra Beefeater London Market Edition','Beefeater'),(57,'Ginebra Beefeater London Market 2022','Beefeater'),(58,'Vodka Belvedere','Belvedere'),(59,'Vodka Belvedere Intense','Belvedere'),(60,'Vodka Belvedere Unfiltered','Belvedere'),(61,'Vodka Belvedere Lake Bartężek','Belvedere'),(62,'Vodka Belvedere Smogóry Forest','Belvedere'),(63,'Vodka Belvedere Single Estate Rye','Belvedere'),(64,'Vodka Belvedere Heritage 176','Belvedere'),(65,'Vodka Belvedere Maceration','Belvedere'),(66,'Vodka Belvedere Pure','Belvedere'),(67,'Vodka Belvedere Pure','Belvedere'),(68,'Ginebra Bluecoat','Bluecoat'),(69,'Ginebra Bluecoat Barrel Finished','Bluecoat'),(70,'Ginebra Bluecoat Cask Strength','Bluecoat'),(71,'Ginebra Bluecoat Elderflower','Bluecoat'),(72,'Ginebra Bluecoat Navy Strength','Bluecoat'),(73,'Ginebra Bluecoat Blueberry','Bluecoat'),(74,'Ginebra Bluecoat Cask Reserve','Bluecoat'),(75,'Ginebra Bluecoat Limited Release','Bluecoat'),(76,'Ginebra Bluecoat Seasonal','Bluecoat'),(77,'Ginebra Bluecoat American Dry','Bluecoat'),(78,'Ginebra Bluecoat Barrel Rested','Bluecoat'),(79,'Ginebra Bluecoat Barrel Finished','Bluecoat'),(80,'Vodka Absolut Lime','Absolut'),(81,'Vodka Absolut Pears','Absolut'),(82,'Vodka Absolut Apeach','Absolut'),(83,'Vodka Absolut Hibiskus','Absolut'),(84,'Vodka Absolut Extrakt','Absolut'),(85,'Vodka Absolut Juice Edition','Absolut'),(86,'Ron Bacardi Dragon Berry','Bacardi'),(87,'Ron Bacardi Pineapple Fusion','Bacardi'),(88,'Ron Bacardi Coconut','Bacardi'),(89,'Ron Bacardi Raspberry','Bacardi'),(90,'Ron Bacardi Mango','Bacardi'),(91,'Ron Bacardi Black Razz','Bacardi'),(92,'Ron Bacardi Banana','Bacardi'),(93,'Ron Bacardi Tangerine','Bacardi'),(94,'Whisky Ballantines Limited Edition 2020','Ballantines'),(95,'Whisky Ballantines Limited Edition 2021','Ballantines'),(96,'Whisky Ballantines Limited Edition 2022','Ballantines'),(97,'Whisky Ballantines Limited Edition 2023','Ballantines'),(98,'Whisky Ballantines Limited Edition 2024','Ballantines'),(99,'Whisky Ballantines Limited Edition 2025','Ballantines'),(100,'Whisky Ballantines Limited Edition 2026','Ballantines'),(101,'Ginebra Beefeater Lemon','Ginebra Beefeater'),(102,'Ginebra Beefeater Blackberry','Ginebra Beefeater'),(103,'Ginebra Beefeater Raspberry','Ginebra Beefeater'),(104,'Ginebra Beefeater Blood Orange','Ginebra Beefeater'),(105,'Ginebra Beefeater Green Apple','Ginebra Beefeater'),(106,'Ginebra Beefeater Wild Berry','Ginebra Beefeater'),(107,'Ginebra Beefeater Pink Strawberry','Ginebra Beefeater'),(108,'Vodka Belvedere Pink Grapefruit','Vodka Belvedere'),(109,'Vodka Belvedere Lemon Tea','Vodka Belvedere'),(110,'Vodka Belvedere Peach Nectar','Vodka Belvedere'),(111,'Vodka Belvedere Wild Berry','Vodka Belvedere'),(112,'Vodka Belvedere Ginger Zest','Vodka Belvedere'),(113,'Vodka Belvedere Mango Passion','Vodka Belvedere'),(114,'Vodka Belvedere Cucumber Mint','Vodka Belvedere'),(115,'Ginebra Bluecoat Raspberry','Ginebra Bluecoat'),(116,'Ginebra Bluecoat Orange','Ginebra Bluecoat'),(117,'Ginebra Bluecoat Grapefruit','Ginebra Bluecoat'),(118,'Ginebra Bluecoat Cranberry','Ginebra Bluecoat'),(119,'Ginebra Bluecoat Lemon','Ginebra Bluecoat'),(120,'Ginebra Bluecoat Lime','Ginebra Bluecoat'),(121,'Ginebra Bluecoat Strawberry','Ginebra Bluecoat'),(122,'Vodka Absolut Grapevine','Absolut'),(123,'Vodka Absolut Glimmer','Absolut'),(124,'Vodka Absolut Hiatus','Absolut'),(125,'Vodka Absolut Highnoon','Absolut'),(126,'Vodka Absolut Jubilee','Absolut'),(127,'Vodka Absolut Karma','Absolut'),(128,'Vodka Absolut Leisure','Absolut'),(129,'Ron Bacardi Grapefruit','Bacardi'),(130,'Ron Bacardi Lime','Bacardi'),(131,'Ron Bacardi Cranberry','Bacardi'),(132,'Ron Bacardi Lemon','Bacardi'),(133,'Ron Bacardi Cherry','Bacardi'),(134,'Ron Bacardi Blueberry','Bacardi'),(135,'Ron Bacardi Raspberry','Bacardi'),(136,'Whisky Ballantines Limited Edition 2027','Ballantines'),(137,'Whisky Ballantines Limited Edition 2028','Ballantines'),(138,'Whisky Ballantines Limited Edition 2029','Ballantines'),(139,'Whisky Ballantines Limited Edition 2030','Ballantines'),(140,'Whisky Ballantines Limited Edition 2031','Ballantines'),(141,'Whisky Ballantines Limited Edition 2032','Ballantines'),(142,'Whisky Ballantines Limited Edition 2033','Ballantines'),(143,'Ginebra Beefeater Passionfruit','Ginebra Beefeater'),(144,'Ginebra Beefeater Pineapple','Ginebra Beefeater'),(145,'Ginebra Beefeater Watermelon','Ginebra Beefeater'),(146,'Ginebra Beefeater Kiwi','Ginebra Beefeater'),(147,'Ginebra Beefeater Guava','Ginebra Beefeater'),(148,'Ginebra Beefeater Lychee','Ginebra Beefeater'),(149,'Ginebra Beefeater Papaya','Ginebra Beefeater'),(150,'Vodka Belvedere Elderflower','Vodka Belvedere'),(151,'Vodka Belvedere Cherry Blossom','Vodka Belvedere'),(152,'Vodka Belvedere Vanilla Cream','Vodka Belvedere'),(153,'Vodka Belvedere Toasted Coconut','Vodka Belvedere'),(154,'Vodka Belvedere Spiced Apple','Vodka Belvedere'),(155,'Vodka Belvedere Blood Orange','Vodka Belvedere'),(156,'Vodka Belvedere Starfruit','Vodka Belvedere'),(157,'Ginebra Bluecoat Lime Leaf','Ginebra Bluecoat'),(158,'Ginebra Bluecoat Passionflower','Ginebra Bluecoat'),(159,'Ginebra Bluecoat Dragonfruit','Ginebra Bluecoat'),(160,'Ginebra Bluecoat White Peach','Ginebra Bluecoat'),(161,'Ginebra Bluecoat Cucumber','Ginebra Bluecoat'),(162,'Ginebra Bluecoat Elderberry','Ginebra Bluecoat'),(163,'Ginebra Bluecoat Cherry Blossom','Ginebra Bluecoat'),(164,'Aguardiente Antioqueño','Aguardiente Antioqueño'),(165,'Aguardiente Antioqueño Sin Azúcar','Aguardiente Antioqueño'),(166,'Aguardiente Antioqueño del Valle','Aguardiente Antioqueño'),(167,'Aguardiente Antioqueño Cristal','Aguardiente Antioqueño'),(168,'Aguardiente Antioqueño Néctar','Aguardiente Antioqueño'),(169,'Aguardiente Antioqueño Hielo','Aguardiente Antioqueño'),(170,'Aguardiente Antioqueño Limón','Aguardiente Antioqueño'),(171,'Aguardiente Antioqueño Orange','Aguardiente Antioqueño'),(172,'Aguardiente Antioqueño Caramelo','Aguardiente Antioqueño'),(173,'Aguardiente Antioqueño Puro','Aguardiente Antioqueño'),(174,'Ron Viejo de Caldas 3 años','Ron Viejo de Caldas'),(175,'Ron Viejo de Caldas 5 años','Ron Viejo de Caldas'),(176,'Ron Viejo de Caldas 8 años','Ron Viejo de Caldas'),(177,'Ron Viejo de Caldas 12 años','Ron Viejo de Caldas'),(178,'Ron Viejo de Caldas 15 años','Ron Viejo de Caldas'),(179,'Ron Viejo de Caldas Reserva Especial','Ron Viejo de Caldas'),(180,'Ron Viejo de Caldas Dorado','Ron Viejo de Caldas'),(181,'Ron Viejo de Caldas Blanco','Ron Viejo de Caldas'),(182,'Ron Viejo de Caldas Extra Añejo','Ron Viejo de Caldas'),(183,'Ron Viejo de Caldas Centenario','Ron Viejo de Caldas'),(184,'Aguardiente Nectar','Aguardiente Nectar'),(185,'Aguardiente Nectar Rojo','Aguardiente Nectar'),(186,'Aguardiente Nectar Blanco','Aguardiente Nectar'),(187,'Aguardiente Nectar Rosa','Aguardiente Nectar'),(188,'Aguardiente Nectar Verde','Aguardiente Nectar'),(189,'Aguardiente Nectar Azul','Aguardiente Nectar'),(190,'Aguardiente Nectar Negro','Aguardiente Nectar'),(191,'Aguardiente Nectar Oro','Aguardiente Nectar'),(192,'Aguardiente Nectar Cristal','Aguardiente Nectar'),(193,'Aguardiente Nectar Frutas','Aguardiente Nectar'),(194,'Aguardiente Blanco del Valle','Aguardiente Blanco del Valle'),(195,'Aguardiente Blanco del Valle Sin Azúcar','Aguardiente Blanco del Valle'),(196,'Aguardiente Blanco del Valle Edición Especial','Aguardiente Blanco del Valle'),(197,'Aguardiente Blanco del Valle Cristal','Aguardiente Blanco del Valle'),(198,'Aguardiente Blanco del Valle Oro','Aguardiente Blanco del Valle'),(199,'Aguardiente Blanco del Valle Néctar','Aguardiente Blanco del Valle'),(200,'Aguardiente Blanco del Valle 150 Años','Aguardiente Blanco del Valle'),(201,'Aguardiente Blanco del Valle 100 Años','Aguardiente Blanco del Valle'),(202,'Aguardiente Blanco del Valle 75 Años','Aguardiente Blanco del Valle'),(203,'Aguardiente Blanco del Valle 50 Años','Aguardiente Blanco del Valle'),(204,'Aguardiente Cristal','Aguardiente Cristal'),(205,'Aguardiente Cristal Sin Azúcar','Aguardiente Cristal'),(206,'Aguardiente Cristal Cristal','Aguardiente Cristal'),(207,'Aguardiente Cristal Puro','Aguardiente Cristal'),(208,'Aguardiente Cristal del Valle','Aguardiente Cristal'),(209,'Aguardiente Cristal Edición Especial','Aguardiente Cristal'),(210,'Aguardiente Cristal Cristalino','Aguardiente Cristal'),(211,'Aguardiente Cristal Oro','Aguardiente Cristal'),(212,'Aguardiente Cristal 150 Años','Aguardiente Cristal'),(213,'Aguardiente Cristal 100 Años','Aguardiente Cristal'),(214,'Aguardiente Real 1493','Aguardiente Real 1493'),(215,'Aguardiente Real 1493 Sin Azúcar','Aguardiente Real 1493'),(216,'Aguardiente Real 1493 Cristal','Aguardiente Real 1493'),(217,'Aguardiente Real 1493 Puro','Aguardiente Real 1493'),(218,'Aguardiente Real 1493 del Valle','Aguardiente Real 1493'),(219,'Aguardiente Real 1493 Edición Especial','Aguardiente Real 1493'),(220,'Aguardiente Real 1493 Cristalino','Aguardiente Real 1493'),(221,'Aguardiente Real 1493 Oro','Aguardiente Real 1493'),(222,'Aguardiente Real 1493 150 Años','Aguardiente Real 1493'),(223,'Aguardiente Real 1493 100 Años','Aguardiente Real 1493'),(224,'Vodka La Hechicera','Vodka La Hechicera'),(225,'Vodka La Hechicera Sin Azúcar','Vodka La Hechicera'),(226,'Vodka La Hechicera Cristal','Vodka La Hechicera'),(227,'Vodka La Hechicera Puro','Vodka La Hechicera'),(228,'Vodka La Hechicera del Valle','Vodka La Hechicera'),(229,'Vodka La Hechicera Edición Especial','Vodka La Hechicera'),(230,'Vodka La Hechicera Cristalino','Vodka La Hechicera'),(231,'Vodka La Hechicera Oro','Vodka La Hechicera'),(232,'Vodka La Hechicera 150 Años','Vodka La Hechicera'),(233,'Vodka La Hechicera 100 Años','Vodka La Hechicera'),(234,'Tequila Patrón Silver','Patrón'),(235,'Tequila Patrón Reposado','Patrón'),(236,'Tequila Patrón Añejo','Patrón'),(237,'Tequila Don Julio Blanco','Don Julio'),(238,'Tequila Don Julio Reposado','Don Julio'),(239,'Tequila Don Julio Añejo','Don Julio'),(240,'Tequila Jose Cuervo Especial (Gold)','Jose Cuervo'),(241,'Tequila Jose Cuervo Tradicional','Jose Cuervo'),(242,'Tequila Jose Cuervo Reserva de la Familia','Jose Cuervo'),(243,'Tequila Herradura Blanco','Herradura'),(244,'Tequila Herradura Reposado','Herradura'),(245,'Tequila Herradura Añejo','Herradura'),(246,'Tequila Sauza Silver','Sauza'),(247,'Tequila Sauza Reposado','Sauza'),(248,'Tequila Sauza Añejo','Sauza'),(249,'Tequila El Tesoro Blanco','El Tesoro'),(250,'Tequila El Tesoro Reposado','El Tesoro'),(251,'Tequila El Tesoro Añejo','El Tesoro'),(252,'Tequila Casa Noble Crystal','Casa Noble'),(253,'Tequila Casa Noble Reposado','Casa Noble'),(254,'Tequila Casa Noble Añejo','Casa Noble'),(255,'Tequila Milagro Silver','Milagro'),(256,'Tequila Milagro Reposado','Milagro'),(257,'Tequila Milagro Añejo','Milagro'),(258,'Tequila Avión Silver','Avión'),(259,'Tequila Avión Reposado','Avión'),(260,'Tequila Avión Añejo','Avión'),(261,'Tequila Clase Azul Plata','Clase Azul'),(262,'Tequila Clase Azul Reposado','Clase Azul'),(263,'Tequila Clase Azul Añejo','Clase Azul'),(264,'Tequila Espolòn Blanco','Espolòn'),(265,'Tequila Espolòn Reposado','Espolòn'),(266,'Tequila Espolòn Añejo','Espolòn'),(267,'Tequila 1800 Silver','1800 Tequila'),(268,'Tequila 1800 Reposado','1801 Tequila'),(269,'Tequila 1800 Añejo','1802 Tequila'),(270,'Tequila Camarena Silver','Camarena'),(271,'Tequila Camarena Reposado','Camarena'),(272,'Tequila Camarena Añejo','Camarena'),(273,'Tequila Corralejo Blanco','Corralejo'),(274,'Tequila Corralejo Reposado','Corralejo'),(275,'Tequila Corralejo Añejo','Corralejo'),(276,'Tequila Kah Blanco','Kah Tequila'),(277,'Tequila Kah Reposado','Kah Tequila'),(278,'Tequila Kah Añejo','Kah Tequila'),(279,'Tequila Maestro Tequilero Blanco','Maestro Tequilero'),(280,'Tequila Maestro Tequilero Reposado','Maestro Tequilero'),(281,'Tequila Maestro Tequilero Añejo','Maestro Tequilero'),(282,'Tequila Ocho Plata','Tequila Ocho'),(283,'Tequila Ocho Reposado','Tequila Ocho'),(284,'Tequila Ocho Añejo','Tequila Ocho'),(285,'Tequila Tres Generaciones Plata','Tres Generaciones'),(286,'Tequila Tres Generaciones Reposado','Tres Generaciones'),(287,'Tequila Tres Generaciones Añejo','Tres Generaciones'),(288,'Tequila Gran Centenario Plata','Gran Centenario'),(289,'Tequila Gran Centenario Reposado','Gran Centenario'),(290,'Tequila Gran Centenario Añejo','Gran Centenario'),(291,'Tequila Tierra Noble Blanco','Tierra Noble'),(292,'Tequila Tierra Noble Reposado','Tierra Noble'),(293,'Tequila Tierra Noble Añejo','Tierra Noble'),(294,'Cognac Rémy Martin V.S.O.P','Rémy Martin'),(295,'Cognac Rémy Martin 1738 Accord Royal','Rémy Martin'),(296,'Cognac Rémy Martin X.O','Rémy Martin'),(297,'Cognac Rémy Martin Louis XIII','Rémy Martin'),(298,'Cognac Rémy Martin Club','Rémy Martin'),(299,'Cognac Rémy Martin Carte Blanche','Rémy Martin'),(300,'Cognac Rémy Martin Tercet','Rémy Martin'),(301,'Cognac Courvoisier V.S','Courvoisier'),(302,'Cognac Courvoisier V.S.O.P','Courvoisier'),(303,'Cognac Courvoisier X.O','Courvoisier'),(304,'Cognac Courvoisier Napoleon','Courvoisier'),(305,'Cognac Courvoisier Initiale Extra','Courvoisier'),(306,'Cognac Courvoisier Rose','Courvoisier'),(307,'Cognac Courvoisier VSOP Exclusif','Courvoisier'),(308,'Cognac Hennessy V.S','Hennessy'),(309,'Cognac Hennessy V.S.O.P Privilege','Hennessy'),(310,'Cognac Hennessy X.O','Hennessy'),(311,'Cognac Hennessy Paradis','Hennessy'),(312,'Cognac Hennessy Paradis Imperial','Hennessy'),(313,'Cognac Hennessy Richard','Hennessy'),(314,'Cognac Hennessy Black','Hennessy'),(315,'Cognac Martell Cordon Bleu','Martell'),(316,'Cognac Martell Chanteloup Perspective','Martell'),(317,'Cognac Martell Creation Grand Extra','Martell'),(318,'Cognac Martell LOr de Jean Martell','Martell'),(319,'Cognac Camus XO Elegance','Camus'),(320,'Cognac Camus Borderies XO','Camus'),(321,'Cognac Camus Extra Elegance','Camus'),(322,'Cognac Camus Ile de Ré Fine Island','Camus'),(323,'Cognac Camus Ile de Ré Cliffside Cellar','Camus'),(324,'Cognac Pierre Ferrand Ambre','Pierre Ferrand'),(325,'Cognac Pierre Ferrand Reserve','Pierre Ferrand'),(326,'Cognac Pierre Ferrand Selection des Anges','Pierre Ferrand'),(327,'Cognac Pierre Ferrand 10 Generations','Pierre Ferrand'),(328,'Cognac Pierre Ferrand Légion dHonneur','Pierre Ferrand'),(329,'Cognac Pierre Ferrand Abel','Pierre Ferrand'),(330,'Cognac Pierre Ferrand Memoire','Pierre Ferrand'),(331,'Cognac Delamain Vesper','Delamain'),(332,'Cognac Delamain Très Vénérable','Delamain'),(333,'Cognac Delamain Réserve de la Famille','Delamain'),(334,'Cognac Delamain Ancestral','Delamain'),(335,'Pisco Portón Acholado','Portón'),(336,'Pisco Portón Mosto Verde Italia','Portón'),(337,'Pisco Portón Mosto Verde Quebranta','Portón'),(338,'Pisco Portón Mosto Verde Torontel','Portón'),(339,'Pisco 1615 Quebranta','1615'),(340,'Pisco 1615 Italia','1615'),(341,'Pisco 1615 Acholado','1615'),(342,'Pisco 1615 Mosto Verde Italia','1615'),(343,'Pisco Vargas Mosto Verde Quebranta','Vargas'),(344,'Pisco Vargas Acholado','Vargas'),(345,'Pisco Vargas Italia','Vargas'),(346,'Pisco Vargas Torontel','Vargas'),(347,'Pisco Biondi Quebranta','Biondi'),(348,'Pisco Biondi Italia','Biondi'),(349,'Pisco Biondi Acholado','Biondi'),(350,'Pisco Biondi Torontel','Biondi'),(351,'Pisco Don Amadeo Quebranta','Don Amadeo'),(352,'Pisco Don Amadeo Italia','Don Amadeo'),(353,'Pisco Don Amadeo Acholado','Don Amadeo'),(354,'Pisco Don Amadeo Mosto Verde Italia','Don Amadeo'),(355,'Pisco Tres Generaciones Reservado','Tres Generaciones'),(356,'Pisco Tres Generaciones Gran Pisco','Tres Generaciones'),(357,'Pisco Tres Generaciones 35°','Tres Generaciones'),(358,'Pisco Capel Reservado 35°','Capel'),(359,'Pisco Capel Moai 40°','Capel'),(360,'Pisco Capel Premium 40°','Capel'),(361,'Pisco Capel Reservado 40°','Capel'),(362,'Pisco Mistral Gran Nobel','Mistral'),(363,'Pisco Mistral Nobel','Mistral'),(364,'Pisco Mistral 40°','Mistral'),(365,'Pisco Mistral 35°','Mistral'),(366,'Pisco Bauzá Reservado','Bauzá'),(367,'Pisco Bauzá Aniversario','Bauzá'),(368,'Pisco Bauzá 40°','Bauzá'),(369,'Pisco La Caravedo Quebranta','La Caravedo'),(370,'Pisco La Caravedo Italia','La Caravedo'),(371,'Mezcal Del Maguey Vida','Del Maguey'),(372,'Mezcal Del Maguey Chichicapa','Del Maguey'),(373,'Mezcal Del Maguey Santo Domingo Albarradas','Del Maguey'),(374,'Mezcal Del Maguey Tobala','Del Maguey'),(375,'Mezcal Monte Alban with Worm','Monte Alban'),(376,'Mezcal Monte Alban Joven','Monte Alban'),(377,'Mezcal Monte Alban Reposado','Monte Alban'),(378,'Mezcal Monte Alban Añejo','Monte Alban'),(379,'Mezcal Los Danzantes Espadín','Los Danzantes'),(380,'Mezcal Los Danzantes Reposado','Los Danzantes'),(381,'Mezcal Los Danzantes Añejo','Los Danzantes'),(382,'Mezcal Los Danzantes Tobala','Los Danzantes'),(383,'Mezcal Ilegal Joven','Ilegal'),(384,'Mezcal Ilegal Reposado','Ilegal'),(385,'Mezcal Ilegal Añejo','Ilegal'),(386,'Mezcal Ilegal Extra Añejo','Ilegal'),(387,'Mezcal Union Uno','Mezcal Union'),(388,'Mezcal Union El Viejo','Mezcal Union'),(389,'Mezcal Union Viejo','Mezcal Union'),(390,'Mezcal Union El Joven','Mezcal Union'),(391,'Mezcal Fidencio Clásico','Fidencio'),(392,'Mezcal Fidencio Pechuga','Fidencio'),(393,'Mezcal Fidencio Unico','Fidencio'),(394,'Mezcal Fidencio Tobala','Fidencio'),(395,'Mezcal El Silencio Espadín','El Silencio'),(396,'Mezcal El Silencio Joven','El Silencio'),(397,'Mezcal El Silencio Black','El Silencio'),(398,'Mezcal El Silencio Ensamble','El Silencio'),(399,'Mezcal Real Minero Largo','Real Minero'),(400,'Mezcal Real Minero Espadín','Real Minero'),(401,'Mezcal Real Minero Pechuga','Real Minero'),(402,'Mezcal Real Minero Tobala','Real Minero'),(403,'Mezcal Derrumbes San Luis Potosí','Derrumbes'),(404,'Mezcal Derrumbes Oaxaca','Derrumbes'),(405,'Mezcal Derrumbes Michoacán','Derrumbes'),(406,'Mezcal Derrumbes Durango','Derrumbes'),(407,'Mezcal Alipús San Juan','Alipús'),(408,'Mezcal Alipús San Andres','Alipús'),(409,'Mezcal Alipús San Baltazar','Alipús'),(410,'Mezcal Alipús Santa Ana','Alipús'),(411,'Sake Dassai 23 Junmai Daiginjo','Dassai'),(412,'Sake Dassai 39 Junmai Daiginjo','Dassai'),(413,'Sake Dassai 45 Junmai Daiginjo','Dassai'),(414,'Sake Gekkeikan Traditional Junmai','Gekkeikan'),(415,'Sake Gekkeikan Horin Junmai Daiginjo','Gekkeikan'),(416,'Sake Gekkeikan Black & Gold Junmai','Gekkeikan'),(417,'Sake Hakkaisan Junmai Ginjo','Hakkaisan'),(418,'Sake Hakkaisan Tokubetsu Honjozo','Hakkaisan'),(419,'Sake Hakkaisan Futsushu','Hakkaisan'),(420,'Sake Otokoyama Junmai Daiginjo','Otokoyama'),(421,'Sake Otokoyama Tokubetsu Junmai','Otokoyama'),(422,'Sake Otokoyama Mizuho Junmai','Otokoyama'),(423,'Sake Kikusui Junmai Ginjo','Kikusui'),(424,'Sake Kikusui Perfect Snow Nigori','Kikusui'),(425,'Sake Kikusui Funaguchi Nama Genshu','Kikusui'),(426,'Absenta Pernod Original','Pernod'),(427,'Absenta Pernod Classic','Pernod'),(428,'Absenta La Clandestine','La Clandestine'),(429,'Absenta La Clandestine Blanche','La Clandestine'),(430,'Absenta Lucid Absinthe Supérieure','Lucid'),(431,'Absenta Lucid Absinthe Supérieure Verte','Lucid'),(432,'Absenta Kübler Original','Kubler'),(433,'Absenta Kübler Swiss Absinthe','Kubler'),(434,'Absenta Mansinthe','Mansinthe'),(435,'Absenta Mansinthe by Marilyn Manson','Mansinthe'),(436,'Brandy Cardenal Mendoza Clásico','Cardenal Mendoza'),(437,'Brandy Cardenal Mendoza Carta Real','Cardenal Mendoza'),(438,'Brandy Torres 10','Torres'),(439,'Brandy Torres Jaime I','Torres'),(440,'Brandy Lepanto Solera Gran Reserva','Lepanto'),(441,'Brandy Lepanto PX','Lepanto'),(442,'Brandy Cardenal Cisneros Solera Gran Reserva','Cardenal'),(443,'Brandy Cardenal Cisneros Reserva Especial','Cardenal'),(444,'Brandy Barceló Imperial','Barceló'),(445,'Brandy Barceló Gran Platinum','Barceló'),(446,'Vino Tinto Malbec','Trapiche Roble'),(447,'Vino Blanco Chardonnay','Santa Helena Reserva'),(448,'Vino Rosado Tempranillo','Casillero del Diablo Rosé'),(449,'Vino Tinto Cabernet Sauvignon','Concha y Toro Gran Reserva Serie Riberas'),(450,'Vino Blanco Sauvignon Blanc','Viña Maipo Vitral'),(451,'Vino Tinto Merlot','Montes Alpha'),(452,'Vino Blanco Viognier','Salentein Reserve'),(453,'Vino Tinto Syrah','Ventisquero Grey'),(454,'Vino Blanco Riesling','Casas del Bosque Gran Reserva'),(455,'Vino Tinto Carmenere','Lapostolle Cuvée Alexandre'),(456,'Cerveza Club Colombia Dorada','Club Colombia'),(457,'Cerveza Águila Original','Águila'),(458,'Cerveza Poker','Bavaria'),(459,'Cerveza Pilsen','Bavaria'),(460,'Cerveza Costeña','Cervecería de Colima'),(461,'Cerveza BBC Chapinero Porter','Bogotá Beer Company'),(462,'Cerveza 3 Cordilleras Mestiza','Cervecería 3 Cordilleras'),(463,'Cerveza Colimita Rubia','Cervecería Colimita'),(464,'Cerveza Leona Dorada','Cerveza Leona'),(465,'Cerveza Tres Esquinas Roja','Cervecería de Tres Esquinas');
/*!40000 ALTER TABLE `producto` ENABLE KEYS */;
UNLOCK TABLES;

--
-- Table structure for table `proveedor`
--

DROP TABLE IF EXISTS `proveedor`;
/*!40101 SET @saved_cs_client     = @@character_set_client */;
/*!50503 SET character_set_client = utf8mb4 */;
CREATE TABLE `proveedor` (
  `IdProveedor` int NOT NULL AUTO_INCREMENT,
  `ubicacion` int NOT NULL,
  `nombre` varchar(30) NOT NULL,
  PRIMARY KEY (`IdProveedor`),
  KEY `ubicacion` (`ubicacion`),
  CONSTRAINT `proveedor_ibfk_1` FOREIGN KEY (`ubicacion`) REFERENCES `ciudad` (`IdCiudad`)
) ENGINE=InnoDB AUTO_INCREMENT=101 DEFAULT CHARSET=utf8mb4 COLLATE=utf8mb4_0900_ai_ci;
/*!40101 SET character_set_client = @saved_cs_client */;

--
-- Dumping data for table `proveedor`
--

LOCK TABLES `proveedor` WRITE;
/*!40000 ALTER TABLE `proveedor` DISABLE KEYS */;
INSERT INTO `proveedor` VALUES (1,959,'Absolut Spirits'),(2,956,'Bacardi Distribuciones'),(3,979,'Ballantines Imports'),(4,983,'Beefeater Enterprises'),(5,989,'Belvedere Trading Co.'),(6,967,'Bluecoat Logistics'),(7,964,'Absolut Solutions'),(8,985,'Bacardi Distribuciones'),(9,953,'Ballantines Imports'),(10,954,'Beefeater Enterprises'),(11,980,'Belvedere Trading Co.'),(12,950,'Bluecoat Logistics'),(13,963,'Absolut Spirits'),(14,973,'Bacardi Distribuciones'),(15,950,'Ballantines Imports'),(16,973,'Beefeater Enterprises'),(17,948,'Belvedere Trading Co.'),(18,958,'Bluecoat Logistics'),(19,950,'Absolut Solutions'),(20,977,'Bacardi Distribuciones'),(21,984,'Ballantines Imports'),(22,962,'Beefeater Enterprises'),(23,969,'Belvedere Trading Co.'),(24,985,'Bluecoat Logistics'),(25,961,'Absolut Spirits'),(26,979,'Bacardi Distribuciones'),(27,948,'Ballantines Imports'),(28,966,'Beefeater Enterprises'),(29,976,'Belvedere Trading Co.'),(30,974,'Bluecoat Logistics'),(31,982,'Absolut Solutions'),(32,980,'Bacardi Distribuciones'),(33,982,'Ballantines Imports'),(34,952,'Beefeater Enterprises'),(35,987,'Belvedere Trading Co.'),(36,950,'Bluecoat Logistics'),(37,952,'Absolut Spirits'),(38,967,'Bacardi Distribuciones'),(39,976,'Ballantines Imports'),(40,956,'Beefeater Enterprises'),(41,977,'Belvedere Trading Co.'),(42,958,'Bluecoat Logistics'),(43,979,'Absolut Solutions'),(44,969,'Bacardi Distribuciones'),(45,958,'Ballantines Imports'),(46,984,'Beefeater Enterprises'),(47,954,'Belvedere Trading Co.'),(48,962,'Bluecoat Logistics'),(49,980,'Absolut Spirits'),(50,964,'Bacardi Distribuciones'),(51,989,'Distribuidora Los Andes'),(52,980,'Licores El Dorado'),(53,971,'Distribuidora 24 Horas'),(54,986,'Distribuidora Caribe'),(55,960,'Licores La Gran Sabana'),(56,976,'Distribuidora Montaña'),(57,979,'Licores El Páramo'),(58,974,'Distribuidora Maracaibo'),(59,961,'Licores El Cerrito'),(60,958,'Distribuidora Llanera'),(61,958,'Licores Del Este'),(62,948,'Distribuidora Oasis'),(63,984,'Licores Alpina'),(64,985,'Distribuidora Occidental'),(65,981,'Licores El Samán'),(66,969,'Distribuidora Central'),(67,969,'Licores Los Roques'),(68,966,'Distribuidora Delta'),(69,970,'Licores Del Zulia'),(70,984,'Distribuidora Amazonas'),(71,968,'Licores El Ávila'),(72,974,'Distribuidora Guayana'),(73,955,'Licores Del Caribe'),(74,978,'Distribuidora Orinoco'),(75,972,'Licores La Cascada'),(76,971,'Distribuidora Occidente'),(77,976,'Licores El Pinar'),(78,976,'Distribuidora Sur'),(79,954,'Licores Del Táchira'),(80,961,'Distribuidora Andina'),(81,960,'Licores El Cedral'),(82,955,'Distribuidora Nueva Esparta'),(83,972,'Licores Los Andes'),(84,972,'Distribuidora Bolívar'),(85,966,'Licores La Colina'),(86,960,'Distribuidora Los Llanos'),(87,974,'Licores Del Valle'),(88,983,'Distribuidora Barinas'),(89,961,'Licores El Morro'),(90,984,'Distribuidora Sucre'),(91,951,'Licores La Palma'),(92,975,'Distribuidora La Fría'),(93,978,'Licores El Rosal'),(94,984,'Distribuidora Portuguesa'),(95,968,'Licores El Paraíso'),(96,975,'Distribuidora Mérida'),(97,969,'Licores La Victoria'),(98,955,'Distribuidora Anzoátegui'),(99,954,'Licores El Tigre'),(100,948,'Distribuidora Lara');
/*!40000 ALTER TABLE `proveedor` ENABLE KEYS */;
UNLOCK TABLES;

--
-- Table structure for table `tipousuario`
--

DROP TABLE IF EXISTS `tipousuario`;
/*!40101 SET @saved_cs_client     = @@character_set_client */;
/*!50503 SET character_set_client = utf8mb4 */;
CREATE TABLE `tipousuario` (
  `IdTipoUsuario` int NOT NULL AUTO_INCREMENT,
  `nombreTipoUsuario` varchar(10) NOT NULL,
  `descripcion` varchar(30) DEFAULT NULL,
  PRIMARY KEY (`IdTipoUsuario`)
) ENGINE=InnoDB AUTO_INCREMENT=3 DEFAULT CHARSET=utf8mb4 COLLATE=utf8mb4_0900_ai_ci;
/*!40101 SET character_set_client = @saved_cs_client */;

--
-- Dumping data for table `tipousuario`
--

LOCK TABLES `tipousuario` WRITE;
/*!40000 ALTER TABLE `tipousuario` DISABLE KEYS */;
INSERT INTO `tipousuario` VALUES (1,'Cliente','Usuario que compra'),(2,'Admin','Usuario con mas privilegios');
/*!40000 ALTER TABLE `tipousuario` ENABLE KEYS */;
UNLOCK TABLES;

--
-- Table structure for table `usuario`
--

DROP TABLE IF EXISTS `usuario`;
/*!40101 SET @saved_cs_client     = @@character_set_client */;
/*!50503 SET character_set_client = utf8mb4 */;
CREATE TABLE `usuario` (
  `IdUsuario` int NOT NULL AUTO_INCREMENT,
  `IdTipoUsuario` int NOT NULL,
  `IdBarrio` int NOT NULL,
  `nombre` varchar(20) NOT NULL,
  `apellido` varchar(20) NOT NULL,
  `email` varchar(50) NOT NULL,
  `fechaNac` date NOT NULL,
  `telefono` varchar(20) NOT NULL,
  PRIMARY KEY (`IdUsuario`),
  KEY `IdTipoUsuario` (`IdTipoUsuario`),
  KEY `IdBarrio` (`IdBarrio`),
  CONSTRAINT `usuario_ibfk_1` FOREIGN KEY (`IdTipoUsuario`) REFERENCES `tipousuario` (`IdTipoUsuario`),
  CONSTRAINT `usuario_ibfk_2` FOREIGN KEY (`IdBarrio`) REFERENCES `barrio` (`IdBarrio`)
) ENGINE=InnoDB AUTO_INCREMENT=429 DEFAULT CHARSET=utf8mb4 COLLATE=utf8mb4_0900_ai_ci;
/*!40101 SET character_set_client = @saved_cs_client */;

--
-- Dumping data for table `usuario`
--

LOCK TABLES `usuario` WRITE;
/*!40000 ALTER TABLE `usuario` DISABLE KEYS */;
INSERT INTO `usuario` VALUES (1,2,20,'John','Doe','johndoe@example.com','1980-01-15','555-1234'),(2,2,17,'Jane','Smith','janesmith@example.com','1975-06-23','555-5678'),(3,2,53,'Michael','Jones','michaeljones@example.com','1990-02-12','555-8765'),(4,2,4,'Emily','Johnson','emilyjohnson@example.com','1988-11-04','555-3456'),(5,2,8,'David','Brown','davidbrown@example.com','1965-04-10','555-7890'),(6,2,4,'Amanda','Davis','amandadavis@example.com','1995-08-21','555-0987'),(7,2,53,'Chris','Martin','chrismartin@example.com','1983-12-14','555-6543'),(8,2,7,'Jessica','Miller','jessicamiller@example.com','1992-03-19','555-4321'),(9,2,40,'Joshua','Taylor','joshuataylor@example.com','1978-07-30','555-6789'),(10,2,10,'Sarah','Wilson','sarahwilson@example.com','1987-05-26','555-2134'),(11,1,3,'James','Anderson','jamesanderson@example.com','1994-09-07','555-3452'),(12,1,35,'Megan','Thomas','meganthomas@example.com','1981-10-28','555-6574'),(13,1,15,'Brandon','Moore','brandonmoore@example.com','1997-01-19','555-9807'),(14,1,49,'Ashley','Jackson','ashleyjackson@example.com','1993-02-25','555-7689'),(15,1,9,'Andrew','White','andrewwhite@example.com','1984-11-17','555-1243'),(16,1,44,'Brittany','Harris','brittanyharris@example.com','1991-05-06','555-2312'),(17,1,16,'Adam','Clark','adamclark@example.com','1989-06-18','555-8765'),(18,1,17,'Katherine','Lewis','katherinelewis@example.com','1976-07-29','555-3456'),(19,1,30,'Nicholas','Robinson','nicholasrobinson@example.com','1998-12-30','555-7890'),(20,1,5,'Hannah','Walker','hannahwalker@example.com','1990-01-21','555-0987'),(21,1,4,'Matthew','King','matthewking@example.com','1985-08-09','555-6543'),(22,1,39,'Samantha','Scott','samanthascott@example.com','1992-03-15','555-4321'),(23,1,28,'Daniel','Green','danielgreen@example.com','1982-11-04','555-6789'),(24,1,44,'Rebecca','Adams','rebeccaadams@example.com','1987-05-26','555-2134'),(25,1,5,'Eric','Baker','ericbaker@example.com','1995-08-21','555-0987'),(26,1,13,'Stephanie','Hill','stephaniehill@example.com','1983-12-14','555-6543'),(27,1,29,'Tyler','Mitchell','tylermitchell@example.com','1992-03-19','555-4321'),(28,1,30,'Laura','Carter','lauracarter@example.com','1978-07-30','555-6789'),(29,1,38,'Zachary','Rogers','zacharyrogers@example.com','1987-05-26','555-2134'),(30,1,53,'Alyssa','Phillips','alyssaphillips@example.com','1995-08-21','555-0987'),(31,1,10,'Justin','Parker','justinparker@example.com','1983-12-14','555-6543'),(32,1,1,'Rachel','Campbell','rachelcampbell@example.com','1992-03-19','555-4321'),(33,1,43,'Ryan','Evans','ryanevans@example.com','1978-07-30','555-6789'),(34,1,42,'Kaitlyn','Edwards','kaitlynedwards@example.com','1987-05-26','555-2134'),(35,1,46,'Jason','Stewart','jasonstewart@example.com','1995-08-21','555-0987'),(36,1,52,'Alexis','Morris','alexismorris@example.com','1983-12-14','555-6543'),(37,1,35,'Justin','Bell','justinbell@example.com','1992-03-19','555-4321'),(38,1,52,'Amanda','Collins','amandacollins@example.com','1978-07-30','555-6789'),(39,1,21,'Brian','Richardson','brianrichardson@example.com','1987-05-26','555-2134'),(40,1,15,'Sara','Cox','saracox@example.com','1995-08-21','555-0987'),(41,1,35,'Ethan','Howard','ethanhoward@example.com','1983-12-14','555-6543'),(42,1,24,'Alexis','Ward','alexisward@example.com','1992-03-19','555-4321'),(43,1,3,'Dylan','Cook','dylancook@example.com','1978-07-30','555-6789'),(44,1,50,'Shelby','Morgan','shelbymorgan@example.com','1987-05-26','555-2134'),(45,1,39,'Eric','Foster','ericfoster@example.com','1995-08-21','555-0987'),(46,1,7,'Nathan','Peterson','nathanpeterson@example.com','1983-12-14','555-6543'),(47,1,21,'Amber','Reed','amberreed@example.com','1992-03-19','555-4321'),(48,1,25,'Kevin','Ortiz','kevinortiz@example.com','1978-07-30','555-6789'),(49,1,24,'Courtney','Hughes','courtneyhughes@example.com','1987-05-26','555-2134'),(50,1,38,'Christian','Flores','christianflores@example.com','1995-08-21','555-0987'),(51,1,31,'Julia','Jenkins','juliajenkins@example.com','1983-12-14','555-6543'),(52,1,51,'Madison','Perry','madisonperry@example.com','1992-03-19','555-4321'),(53,1,48,'Isaac','Ross','isaacross@example.com','1978-07-30','555-6789'),(54,1,51,'Kaitlyn','Long','kaitlynlong@example.com','1987-05-26','555-2134'),(55,1,38,'Brandon','Price','brandonprice@example.com','1995-08-21','555-0987'),(56,1,23,'Jessica','Gray','jessicagray@example.com','1983-12-14','555-6543'),(57,1,12,'Ashley','Ramirez','ashleyramirez@example.com','1992-03-19','555-4321'),(58,1,23,'Matthew','Brooks','matthewbrooks@example.com','1978-07-30','555-6789'),(59,1,14,'Hannah','Kelly','hannahkelly@example.com','1987-05-26','555-2134'),(60,1,20,'Adam','Sanders','adamsanders@example.com','1995-08-21','555-0987'),(61,1,33,'Ashley','Hughes','ashleyhughes@example.com','1983-12-14','555-6543'),(62,1,41,'Tyler','Hughes','tylerhughes@example.com','1992-03-19','555-4321'),(63,1,12,'Benjamin','Allen','benjaminallen@example.com','1981-03-15','555-1235'),(64,1,15,'Olivia','Young','oliviayoung@example.com','1993-07-21','555-5679'),(65,1,18,'Mason','Hernandez','masonhernandez@example.com','1988-11-23','555-8766'),(66,1,22,'Sophia','Lee','sophialee@example.com','1990-05-19','555-3457'),(67,1,18,'Logan','Harris','loganharris@example.com','1994-04-11','555-7891'),(68,1,18,'Isabella','Martin','isabellamartin@example.com','1992-06-13','555-0988'),(69,1,22,'Lucas','Thompson','lucasthompson@example.com','1986-12-20','555-6544'),(70,1,38,'Mia','Garcia','miagarcia@example.com','1987-01-18','555-4322'),(71,1,18,'Ethan','Martinez','ethanmartinez@example.com','1995-10-15','555-6780'),(72,1,30,'Emma','Robinson','emmarobinson@example.com','1982-09-17','555-2135'),(73,1,5,'Aiden','Clark','aidenclark@example.com','1996-11-30','555-3453'),(74,1,10,'Abigail','Rodriguez','abigailrodriguez@example.com','1984-08-24','555-6575'),(75,1,15,'Jackson','Lewis','jacksonlewis@example.com','1989-07-22','555-9808'),(76,1,13,'Lily','Walker','lilywalker@example.com','1985-06-28','555-7690'),(77,1,29,'Jayden','Hall','jaydenhall@example.com','1981-02-15','555-1244'),(78,1,10,'Chloe','Allen','chloeallen@example.com','1988-10-10','555-2313'),(79,1,53,'Elijah','Young','elijahyoun@example.com','1993-11-09','555-8766'),(80,1,41,'Ava','Hernandez','avahernandez@example.com','1997-08-13','555-3457'),(81,1,33,'Jack','Lee','jacklee@example.com','1987-04-17','555-7891'),(82,1,9,'Amelia','Harris','ameliaharris@example.com','1985-05-21','555-0988'),(83,1,31,'Alexander','Martinez','alexandermartinez@example.com','1994-09-27','555-6544'),(84,1,15,'Emily','Robinson','emilyrobinson@example.com','1992-07-23','555-4322'),(85,1,50,'Daniel','Clark','danielclark@example.com','1986-08-29','555-6780'),(86,1,11,'Madison','Rodriguez','madisonrodriguez@example.com','1991-12-11','555-2135'),(87,1,19,'Henry','Lewis','henrylewis@example.com','1993-11-15','555-3453'),(88,1,32,'Ella','Walker','ellawalker@example.com','1984-04-04','555-6575'),(89,1,40,'Noah','Hall','noahhall@example.com','1995-06-05','555-9808'),(90,1,6,'Avery','Allen','averyallen@example.com','1991-07-12','555-7690'),(91,1,31,'Lucas','Young','lucasyoung@example.com','1997-05-30','555-1244'),(92,1,25,'Madison','Hernandez','madisonhernandez@example.com','1989-11-01','555-2313'),(93,1,55,'Logan','Lee','loganlee@example.com','1987-03-07','555-8766'),(94,1,36,'Harper','Harris','harperharris@example.com','1995-02-16','555-3457'),(95,1,23,'Ethan','Martinez','ethanmartinez@example.com','1993-09-05','555-7891'),(96,1,24,'Ella','Robinson','ellarobinson@example.com','1988-10-10','555-0988'),(97,1,43,'Alexander','Clark','alexanderclark@example.com','1996-12-23','555-6544'),(98,1,49,'Grace','Rodriguez','gracerodriguez@example.com','1986-07-24','555-4322'),(99,1,29,'Aiden','Lewis','aidenlewis@example.com','1984-01-02','555-6780'),(100,1,6,'Madison','Walker','madisonwalker@example.com','1995-03-15','555-2135'),(101,1,16,'Benjamin','Hall','benjaminhall@example.com','1992-11-19','555-3453'),(102,1,51,'Chloe','Allen','chloeallen@example.com','1987-06-30','555-6575'),(103,1,17,'Jackson','Young','jacksonyoung@example.com','1985-04-11','555-9808'),(104,1,18,'Ava','Hernandez','avahernandez@example.com','1991-09-22','555-7690'),(105,1,12,'Lily','Lee','lilylee@example.com','1989-08-13','555-1244'),(106,1,53,'Lucas','Harris','lucasharris@example.com','1996-02-14','555-2313'),(107,1,27,'Olivia','Martinez','oliviamartinez@example.com','1982-05-16','555-8766'),(108,1,47,'Ethan','Robinson','ethanrobinson@example.com','1997-04-18','555-3457'),(109,1,6,'Sophia','Clark','sophiaclark@example.com','1990-10-12','555-7891'),(110,1,27,'Emma','Rodriguez','emmarodriguez@example.com','1994-11-11','555-0988'),(111,1,14,'Benjamin','Lewis','benjaminlewis@example.com','1988-12-22','555-6544'),(112,1,15,'Amelia','Walker','ameliawalker@example.com','1984-09-08','555-4322'),(113,1,43,'Jack','Hall','jackhall@example.com','1986-06-25','555-6780'),(114,1,39,'Mia','Allen','miaallen@example.com','1995-02-14','555-2135'),(115,1,22,'Logan','Young','loganyoung@example.com','1983-10-03','555-3453'),(116,1,36,'Avery','Hernandez','averyhernandez@example.com','1991-07-07','555-6575'),(117,1,27,'Lily','Lee','lilylee@example.com','1997-03-22','555-9808'),(118,1,19,'Madison','Harris','madisonharris@example.com','1987-01-01','555-7690'),(119,1,40,'Harper','Martinez','harpermartinez@example.com','1996-05-10','555-1244'),(120,1,42,'Noah','Robinson','noahrobinson@example.com','1994-12-15','555-2313'),(121,1,46,'Amelia','Clark','ameliacclark@example.com','1986-11-11','555-8766'),(122,1,12,'Elijah','Rodriguez','elijahrodriguez@example.com','1984-08-19','555-3457'),(123,1,10,'Olivia','Lewis','olivialewis@example.com','1993-06-20','555-7891'),(124,1,41,'Mason','Walker','masonwalker@example.com','1992-04-21','555-0988'),(125,1,13,'Ethan','Hall','ethanchall@example.com','1987-05-29','555-6544'),(126,1,9,'Sophia','Allen','sophiaallen@example.com','1989-07-10','555-4322'),(127,1,45,'Jackson','Young','jacksonyoung@example.com','1981-02-21','555-6780'),(128,1,2,'Abigail','Hernandez','abigailhernandez@example.com','1995-09-24','555-2135'),(129,1,14,'Logan','Lee','loganlee@example.com','1994-08-26','555-3453'),(130,1,35,'Olivia','Harris','oliviaharris@example.com','1983-12-02','555-6575'),(131,1,31,'Mason','Martinez','masonmartinez@example.com','1988-01-18','555-9808'),(132,1,35,'Madison','Robinson','madisonrobinson@example.com','1987-06-11','555-7690'),(133,1,36,'Logan','Clark','loganclark@example.com','1993-03-14','555-1244'),(134,1,26,'Jack','Rodriguez','jackrodriguez@example.com','1996-12-16','555-2313'),(135,1,27,'Olivia','Lewis','olivialewis@example.com','1990-11-20','555-8766'),(136,1,13,'Amelia','Walker','ameliawalker@example.com','1986-07-18','555-3457'),(137,1,51,'Elijah','Hall','elijahhall@example.com','1984-02-10','555-7891'),(138,1,31,'Emma','Allen','emmaallen@example.com','1992-03-22','555-0988'),(139,1,51,'Alexander','Young','alexanderyoung@example.com','1996-09-25','555-6544'),(140,1,18,'Benjamin','Hernandez','benjaminhernandez@example.com','1981-10-19','555-4322'),(141,1,3,'Sophia','Lee','sophialee@example.com','1989-06-16','555-6780'),(142,1,45,'Jack','Harris','jackharris@example.com','1984-01-17','555-2135'),(143,1,25,'Emma','Martinez','emmarmartinez@example.com','1994-05-10','555-3453'),(144,1,17,'Amelia','Robinson','ameliarobinson@example.com','1991-09-11','555-6575'),(145,1,51,'Aiden','Clark','aidenclark@example.com','1986-10-12','555-9808'),(146,1,9,'Ava','Rodriguez','avarodriguez@example.com','1997-03-22','555-7690'),(147,1,26,'Logan','Lewis','loganlewis@example.com','1987-12-01','555-1244'),(148,1,31,'Elijah','Walker','elijahwalker@example.com','1995-04-14','555-2313'),(149,1,43,'Emma','Hall','emmahall@example.com','1988-07-19','555-8766'),(150,1,19,'Benjamin','Allen','benjaminallen@example.com','1994-03-23','555-3457'),(151,1,8,'Olivia','Young','oliviayoung@example.com','1991-08-13','555-7891'),(152,1,2,'Mason','Hernandez','masonhernandez@example.com','1988-09-24','555-0988'),(153,1,27,'Sophia','Lee','sophialee@example.com','1996-11-11','555-6544'),(154,1,11,'Logan','Harris','loganharris@example.com','1987-04-18','555-4322'),(155,1,6,'Isabella','Martin','isabellamartin@example.com','1992-06-19','555-6780'),(156,1,33,'Lucas','Thompson','lucasthompson@example.com','1996-01-10','555-2135'),(157,1,33,'Mia','Garcia','miagarcia@example.com','1984-05-13','555-3453'),(158,1,8,'Ethan','Martinez','ethanmartinez@example.com','1995-08-20','555-6575'),(159,1,16,'Emma','Robinson','emmarobinson@example.com','1982-09-11','555-9808'),(160,1,26,'Aiden','Clark','aidenclark@example.com','1981-03-15','555-7690'),(161,1,44,'Abigail','Rodriguez','abigailrodriguez@example.com','1988-07-21','555-1244'),(162,1,1,'Jackson','Lewis','jacksonlewis@example.com','1982-11-23','555-2313'),(163,1,35,'Lily','Walker','lilywalker@example.com','1989-05-19','555-8766'),(164,1,35,'Jayden','Hall','jaydenhall@example.com','1995-04-11','555-3457'),(165,1,6,'Chloe','Allen','chloeallen@example.com','1992-06-13','555-7891'),(166,1,31,'Elijah','Young','elijahyoun@example.com','1986-12-20','555-0988'),(167,1,49,'Ava','Hernandez','avahernandez@example.com','1987-01-18','555-6544'),(168,1,37,'Jack','Lee','jacklee@example.com','1995-10-15','555-4322'),(169,1,12,'Amelia','Harris','ameliaharris@example.com','1982-09-17','555-6780'),(170,1,9,'Alexander','Martinez','alexandermartinez@example.com','1996-11-30','555-2135'),(171,1,37,'Emily','Robinson','emilyrobinson@example.com','1994-08-24','555-3453'),(172,1,4,'Benjamin','Allen','benjaminallen@example.com','1981-03-15','555-1235'),(173,1,19,'Olivia','Young','oliviayoung@example.com','1993-07-21','555-5679'),(174,1,36,'Mason','Hernandez','masonhernandez@example.com','1988-11-23','555-8766'),(175,1,44,'Emma','Martinez','emmamartinez@example.com','1995-05-08','555-4321'),(176,1,52,'Liam','Taylor','liamtaylor@example.com','1986-09-17','555-9876'),(177,1,11,'Sophia','Nguyen','sophianguyen@example.com','1990-12-03','555-2468'),(178,1,26,'Noah','Garcia','noahgarcia@example.com','1983-08-30','555-1357'),(179,1,54,'Isabella','Smith','isabellasmith@example.com','1998-02-14','555-9876'),(180,1,13,'William','Johnson','williamjohnson@example.com','1980-06-25','555-3698'),(181,1,36,'Ava','Rodriguez','avarodriguez@example.com','1991-10-05','555-4567'),(182,1,34,'James','Brown','jamesbrown@example.com','1975-04-12','555-9876'),(183,1,1,'Mia','Lee','mialee@example.com','1989-11-29','555-7890'),(184,1,4,'Charlotte','Hall','charlottehall@example.com','1994-08-27','555-4567'),(185,1,37,'Oliver','White','oliverwhite@example.com','1982-01-19','555-3579'),(186,1,6,'Amelia','Torres','ameliatorres@example.com','1996-03-02','555-1234'),(187,1,29,'Benjamin','Lewis','benjaminlewis@example.com','1987-07-07','555-6666'),(188,1,1,'Harper','Walker','harperwalker@example.com','1984-09-23','555-9876'),(189,1,40,'Ethan','Moore','ethanmoore@example.com','1981-05-31','555-9876'),(190,1,15,'Evelyn','Perez','evelynperez@example.com','1997-12-10','555-1357'),(191,1,39,'Michael','Gonzalez','michaelgonzalez@example.com','1988-04-08','555-1234'),(192,1,24,'Emily','Hill','emilyhill@example.com','1992-06-18','555-9876'),(193,1,44,'Alexander','Scott','alexanderscott@example.com','1986-03-24','555-3579'),(194,1,6,'Scarlett','Green','scarlettgreen@example.com','1990-09-06','555-6666'),(195,1,43,'Elijah','Adams','elijahadams@example.com','1978-11-01','555-9876'),(196,1,53,'Grace','Baker','gracebaker@example.com','1983-10-14','555-9876'),(197,1,41,'Lucas','King','lucasking@example.com','1985-08-09','555-1234'),(198,1,33,'Lily','Wright','lilywright@example.com','1989-02-23','555-4321'),(199,1,3,'Daniel','Lopez','danielopez@example.com','1993-01-07','555-9876'),(200,1,28,'Zoe','Hernandez','zoe@example.com','1976-07-30','555-3579'),(201,1,13,'Jackson','Adams','jacksonadams@example.com','1984-05-28','555-9876'),(202,1,29,'Layla','Wood','laylawood@example.com','1991-04-15','555-6666'),(203,1,20,'Sophie','Jones','sophiejones@example.com','1992-09-10','555-2468'),(204,1,55,'Logan','Smith','logansmith@example.com','1984-12-03','555-9876'),(205,1,52,'Chloe','Adams','chloeadams@example.com','1998-05-21','555-1234'),(206,1,16,'Matthew','Clark','matthewclark@example.com','1979-02-15','555-3698'),(207,1,15,'Grace','Lopez','gracelopez@example.com','1987-07-31','555-4567'),(208,1,28,'Aiden','Phillips','aidenphillips@example.com','1995-10-14','555-3579'),(209,1,22,'Natalie','Gonzalez','nataliegonzalez@example.com','1988-03-25','555-6666'),(210,1,54,'David','Wright','davidwright@example.com','1983-06-28','555-7890'),(211,1,16,'Ava','Hall','avahall@example.com','1991-08-17','555-8765'),(212,1,49,'Lincoln','Martin','lincolnmartin@example.com','1985-11-09','555-9876'),(213,1,33,'Hailey','Allen','haileyallen@example.com','1997-04-03','555-3579'),(214,1,44,'Leo','Morris','leomorris@example.com','1977-01-30','555-8765'),(215,1,37,'Abigail','Baker','abigailbaker@example.com','1990-12-22','555-2468'),(216,1,45,'Carter','Young','carteryoung@example.com','1989-06-14','555-4321'),(217,1,23,'Luna','King','lunaking@example.com','1993-03-07','555-1357'),(218,1,29,'Evan','Taylor','evantaylor@example.com','1982-08-28','555-9876'),(219,1,46,'Audrey','White','audreywhite@example.com','1996-11-19','555-7890'),(220,1,49,'Nolan','Adams','nolanadams@example.com','1981-02-02','555-9876'),(221,1,18,'Lucy','Scott','lucyscott@example.com','1994-07-26','555-1234'),(222,1,35,'Michaela','Rodriguez','michaelarodriguez@example.com','1986-10-09','555-8765'),(223,1,20,'Connor','Hernandez','connorhernandez@example.com','1999-01-12','555-2468'),(224,1,55,'Addison','Thomas','addisonthomas@example.com','1976-05-15','555-8765'),(225,1,12,'Isabelle','Moore','isabellemoore@example.com','1988-09-18','555-9876'),(226,1,51,'Grayson','Walker','graysonwalker@example.com','1984-12-11','555-4321'),(227,1,9,'Harper','Lewis','harperlewis@example.com','1992-02-14','555-3579'),(228,1,28,'Landon','Hall','landonhall@example.com','1978-11-17','555-9876'),(229,1,6,'Madison','Martin','madisonmartin@example.com','1995-06-20','555-6666'),(230,1,11,'Mateo','Hernandez','mateohernandez@example.com','1983-09-23','555-1234'),(231,1,20,'Layla','Adams','laylaadams@example.com','1991-08-26','555-7890'),(232,1,9,'Nicholas','Cooper','nicholascooper@example.com','1987-03-29','555-8765'),(233,1,14,'Lucia','Gonzalez','luciagonzalez@example.com','1989-04-01','555-3579'),(234,1,27,'Emma','Morris','emmamorris@example.com','1996-12-04','555-9876'),(235,1,18,'Jacob','Young','jacobyoung@example.com','1979-05-07','555-2468'),(236,1,34,'Leah','Rodriguez','leahrodriguez@example.com','1982-10-10','555-4321'),(237,1,3,'Logan','Allen','loganallen@example.com','1998-11-13','555-1234'),(238,1,26,'Emily','Clark','emilyclark@example.com','1977-08-16','555-7890'),(239,1,31,'Lincoln','Perez','lincolnperez@example.com','1984-01-19','555-9876'),(240,1,1,'Samantha','Jackson','samjackson@example.com','1993-02-22','555-3579'),(241,1,19,'Leo','Turner','leoturner@example.com','1990-03-25','555-6666'),(242,1,51,'Ella','Lewis','ellalewis@example.com','1981-06-28','555-8765'),(243,1,45,'David','White','davidwhite@example.com','1989-09-01','555-2468'),(244,1,31,'Lillian','Rodriguez','lillianrodriguez@example.com','1982-12-04','555-4321'),(245,1,44,'Hudson','Allen','hudsonallen@example.com','1995-01-07','555-1234'),(246,1,21,'Alexa','Green','alexagreen@example.com','1988-04-10','555-7890'),(247,1,39,'Austin','Martin','austinmartin@example.com','1983-07-13','555-9876'),(248,1,42,'Ella','Adams','ellaadams@example.com','1996-08-10','555-8765'),(249,1,1,'Ethan','Roberts','ethanroberts@example.com','1985-02-28','555-9876'),(250,1,49,'Ava','Rivera','avarivera@example.com','1991-12-15','555-3579'),(251,1,43,'Oliver','Perez','oliverperez@example.com','1980-05-07','555-6666'),(252,1,9,'Amelia','Gonzalez','ameliagonzalez@example.com','1997-09-03','555-1234'),(253,1,34,'Liam','Cook','liamcook@example.com','1978-06-26','555-7890'),(254,1,54,'Charlotte','Walker','charlottewalker@example.com','1992-11-19','555-8765'),(255,1,28,'Noah','Perez','noahperez@example.com','1983-04-18','555-2468'),(256,1,2,'Sophia','King','sophiaking@example.com','1989-07-31','555-9876'),(257,1,33,'Mason','Cooper','masoncooper@example.com','1995-03-24','555-4321'),(258,1,50,'Ella','Scott','ellascott@example.com','1984-02-14','555-3579'),(259,1,3,'Logan','Perez','loganperez@example.com','1976-09-06','555-8765'),(260,1,41,'Harper','Martin','harpermartin@example.com','1981-12-25','555-2468'),(261,1,15,'Lucas','Phillips','lucasphillips@example.com','1990-01-19','555-6666'),(262,1,38,'Emily','Rodriguez','emilyrodriguez@example.com','1998-04-10','555-3579'),(263,1,23,'Aiden','Morris','aidenmorris@example.com','1987-11-23','555-9876'),(264,1,50,'Emma','Allen','emmaallen@example.com','1982-06-15','555-1234'),(265,1,3,'Chloe','Baker','chloebaker@example.com','1994-08-12','555-7890'),(266,1,36,'Lincoln','Garcia','lincolngarcia@example.com','1979-10-14','555-8765'),(267,1,12,'Isabella','Torres','isabellatorres@example.com','1996-02-17','555-2468'),(268,1,39,'Mia','Wright','miawright@example.com','1988-03-20','555-9876'),(269,1,5,'Jack','Thomas','jackthomas@example.com','1983-05-22','555-4321'),(270,1,21,'William','Hall','williamhall@example.com','1997-07-25','555-3579'),(271,1,9,'Sofia','White','sofiawhite@example.com','1977-09-28','555-8765'),(272,1,14,'Ethan','Adams','ethanadams@example.com','1985-01-31','555-1234'),(273,1,37,'Scarlett','Hernandez','scarletthernandez@example.com','1993-04-14','555-7890'),(274,1,18,'Ava','Cook','avacook@example.com','1980-08-27','555-9876'),(275,1,25,'Jacob','Lopez','jacoblopez@example.com','1990-11-30','555-3579'),(276,1,14,'Harper','Young','harperyoung@example.com','1982-02-15','555-6666'),(277,1,53,'Aiden','Walker','aidenwalker@example.com','1978-05-18','555-9876'),(278,1,39,'Grace','Jackson','gracejackson@example.com','1999-09-21','555-8765'),(279,1,17,'Lincoln','Allen','lincolnallen@example.com','1988-12-24','555-2468'),(280,1,36,'Abigail','Perez','abigailperez@example.com','1995-03-27','555-9876'),(281,1,37,'Sophia','Cook','sophiacook@example.com','1977-06-30','555-3579'),(282,1,27,'Chloe','King','chloeking@example.com','1983-09-03','555-6666'),(283,1,19,'Nicholas','Johnson','nicholasjohnson@example.com','1990-02-06','555-1234'),(284,1,50,'Ella','Roberts','ellaroberts@example.com','1976-05-09','555-7890'),(285,1,19,'James','White','jameswhite@example.com','1981-08-12','555-8765'),(286,1,51,'Sophia','Perez','sophiaperez@example.com','1989-11-15','555-9876'),(287,1,30,'Ava','Young','avayoung@example.com','1993-03-18','555-3579'),(288,1,46,'Alexander','Garcia','alexandergarcia@example.com','1982-06-21','555-6666'),(289,1,27,'Olivia','Scott','oliviascott@example.com','1979-09-24','555-2468'),(290,1,32,'Mason','Walker','masonwalker@example.com','1996-02-27','555-1234'),(291,1,46,'Charlotte','Adams','charlotteadams@example.com','1985-05-30','555-7890'),(292,1,13,'Ethan','Thomas','ethanthomas@example.com','1991-08-02','555-8765'),(293,1,47,'Oliver','Wilson','oliverwilson@example.com','1993-04-25','555-8765'),(294,1,10,'Harper','Turner','harpeturner@example.com','1982-07-28','555-9876'),(295,1,13,'Charlotte','Adams','charlotteadams@example.com','1990-10-01','555-3579'),(296,1,31,'William','Young','williamyoung@example.com','1984-12-14','555-6666'),(297,1,33,'Ella','Morris','ellamorris@example.com','1998-01-17','555-1234'),(298,1,15,'Sophia','Martinez','sophiamartinez@example.com','1980-02-20','555-7890'),(299,1,9,'Ethan','Allen','ethanallen@example.com','1987-03-23','555-2468'),(300,1,37,'Isabella','Perez','isabellaperez@example.com','1995-06-26','555-8765'),(301,1,37,'Logan','Phillips','loganphillips@example.com','1978-09-29','555-9876'),(302,1,44,'Chloe','Carter','chloecarter@example.com','1989-11-02','555-3579'),(303,1,25,'Olivia','Scott','oliviascott@example.com','1992-04-05','555-6666'),(304,1,9,'Ella','Walker','ellawalker@example.com','1976-05-08','555-1234'),(305,1,15,'Lucas','Roberts','lucasroberts@example.com','1988-08-11','555-7890'),(306,1,53,'Amelia','King','ameliaking@example.com','1996-01-14','555-8765'),(307,1,26,'Harper','Martinez','harpermartinez@example.com','1981-03-17','555-9876'),(308,1,35,'Mason','Young','masonyoung@example.com','1994-06-20','555-3579'),(309,1,55,'Charlotte','Hernandez','charlottehernandez@example.com','1983-09-23','555-6666'),(310,1,40,'Liam','Clark','liamclark@example.com','1997-12-26','555-1234'),(311,1,11,'Aiden','Johnson','aidenjohnson@example.com','1982-01-29','555-7890'),(312,1,5,'Ella','Wilson','ellawilson@example.com','1990-04-03','555-8765'),(313,1,20,'Oliver','Turner','oliverturner@example.com','1979-07-07','555-2468'),(314,1,2,'Chloe','Adams','chloeadams@example.com','1993-10-10','555-9876'),(315,1,6,'William','Young','williamyoung@example.com','1988-11-13','555-3579'),(316,1,23,'Ella','Morris','ellamorris@example.com','1996-02-16','555-6666'),(317,1,26,'Sophia','Martinez','sophiamartinez@example.com','1980-05-21','555-1234'),(318,1,29,'Ethan','Allen','ethanallen@example.com','1987-06-24','555-7890'),(319,1,9,'Isabella','Perez','isabellaperez@example.com','1995-09-27','555-8765'),(320,1,31,'Logan','Phillips','loganphillips@example.com','1978-12-30','555-9876'),(321,1,19,'Chloe','Carter','chloecarter@example.com','1989-03-05','555-3579'),(322,1,45,'José','González','jose.gonzalez@gmail.com','2000-01-15','0412-3456789'),(323,1,30,'María','Rodríguez','maria.rodriguez@yahoo.com','1995-03-22','0416-1234567'),(324,1,32,'Juan','Pérez','juan.perez@hotmail.com','1988-07-10','0424-9876543'),(325,1,1,'Ana','Hernández','ana.hernandez@gmail.com','1976-11-30','0414-8765432'),(326,1,6,'Luis','García','luis.garcia@yahoo.com','1992-04-18','0426-2345678'),(327,1,26,'Carmen','Martínez','carmen.martinez@hotmail.com','1985-09-25','0412-7654321'),(328,1,18,'Carlos','López','carlos.lopez@gmail.com','1998-02-05','0416-8765432'),(329,1,15,'Rosa','Sánchez','rosa.sanchez@yahoo.com','1979-06-14','0424-3456789'),(330,1,10,'Pedro','Díaz','pedro.diaz@hotmail.com','1990-08-20','0414-2345678'),(331,1,2,'Margarita','Ramírez','margarita.ramirez@gmail.com','1982-12-07','0426-9876543'),(332,1,24,'Antonio','Torres','antonio.torres@yahoo.com','1987-10-03','0412-4567890'),(333,1,13,'Teresa','Flores','teresa.flores@hotmail.com','2002-01-25','0416-2345678'),(334,1,52,'Jorge','Reyes','jorge.reyes@gmail.com','1974-05-12','0424-8765432'),(335,1,48,'Patricia','Morales','patricia.morales@yahoo.com','1993-03-28','0414-3456789'),(336,1,41,'Francisco','Cruz','francisco.cruz@hotmail.com','1986-09-15','0426-1234567'),(337,1,16,'Raquel','Rojas','raquel.rojas@gmail.com','2001-02-10','0412-9876543'),(338,1,2,'Daniel','Ortiz','daniel.ortiz@yahoo.com','1978-07-20','0416-4567890'),(339,1,46,'Gabriela','Gutiérrez','gabriela.gutierrez@hotmail.com','1997-04-08','0424-2345678'),(340,1,16,'Miguel','Jiménez','miguel.jimenez@gmail.com','1991-08-22','0414-9876543'),(341,1,5,'Adriana','Romero','adriana.romero@yahoo.com','1983-11-09','0426-3456789'),(342,1,19,'Rafael','Vásquez','rafael.vasquez@hotmail.com','1975-06-18','0412-8765432'),(343,1,36,'Alejandra','Méndez','alejandra.mendez@gmail.com','1994-03-31','0416-3456789'),(344,1,39,'Ramón','Castro','ramon.castro@yahoo.com','1989-10-07','0424-1234567'),(345,1,54,'Beatriz','Herrera','beatriz.herrera@hotmail.com','1977-12-16','0414-8765432'),(346,1,35,'Diego','Vargas','diego.vargas@gmail.com','1999-01-05','0426-2345678'),(347,1,37,'Laura','Castillo','laura.castillo@yahoo.com','1980-06-24','0412-3456789'),(348,1,44,'Andrés','Silva','andres.silva@hotmail.com','1996-04-15','0416-9876543'),(349,1,50,'Isabel','Mendoza','isabel.mendoza@gmail.com','1992-08-28','0424-4567890'),(350,1,18,'Victor','Gómez','victor.gomez@yahoo.com','1984-12-11','0414-2345678'),(351,1,45,'Lorena','Navarro','lorena.navarro@hotmail.com','1973-05-21','0426-8765432'),(352,1,49,'Julio','Ramos','julio.ramos@gmail.com','1981-07-01','0412-1234567'),(353,1,3,'Nancy','Domínguez','nancy.dominguez@yahoo.com','1990-09-18','0416-3456789'),(354,1,8,'Roberto','Peña','roberto.pena@hotmail.com','1988-11-28','0424-9876543'),(355,1,25,'Silvia','Delgado','silvia.delgado@gmail.com','2003-02-15','0414-4567890'),(356,1,20,'Leonardo','Guerrero','leonardo.guerrero@yahoo.com','1976-07-10','0426-2345678'),(357,1,12,'Claudia','Blanco','claudia.blanco@hotmail.com','1995-04-22','0412-8765432'),(358,1,10,'Alfredo','Molina','alfredo.molina@gmail.com','1987-09-30','0416-2345678'),(359,1,51,'Verónica','Rivas','veronica.rivas@yahoo.com','1982-12-25','0424-9876543'),(360,1,34,'Jesús','Soto','jesus.soto@hotmail.com','2000-01-08','0414-3456789'),(361,1,49,'Andrea','Suárez','andrea.suarez@gmail.com','1991-06-14','0426-8765432'),(362,1,52,'Enrique','Medina','enrique.medina@yahoo.com','1979-08-20','0412-2345678'),(363,1,28,'Cecilia','Contreras','cecilia.contreras@hotmail.com','1998-03-05','0416-9876543'),(364,1,28,'Ricardo','Ríos','ricardo.rios@gmail.com','1974-05-18','0424-3456789'),(365,1,4,'Luz','Espinoza','luz.espinoza@yahoo.com','1986-03-28','0414-8765432'),(366,1,18,'Eduardo','Parra','eduardo.parra@hotmail.com','2002-09-15','0426-2345678'),(367,1,14,'Esther','León','esther.leon@gmail.com','1978-01-20','0412-3456789'),(368,1,1,'Fernando','Valencia','fernando.valencia@yahoo.com','1997-04-28','0416-8765432'),(369,1,5,'Mónica','Pacheco','monica.pacheco@hotmail.com','1983-08-22','0424-2345678'),(370,1,28,'Ángel','Carrillo','angel.carrillo@gmail.com','1975-11-09','0414-9876543'),(371,1,18,'Fabiola','Santana','fabiola.santana@yahoo.com','1994-06-18','0426-4567890'),(372,1,2,'Pablo','Lozano','pablo.lozano@hotmail.com','1989-03-31','0412-8765432'),(373,1,36,'Daniela','Gil','daniela.gil@gmail.com','1996-10-07','0416-2345678'),(374,1,21,'Ernesto','Fuentes','ernesto.fuentes@yahoo.com','1977-12-16','0424-9876543'),(375,1,50,'Alicia','Cabrera','alicia.cabrera@hotmail.com','1999-01-05','0414-4567890'),(376,1,40,'Hugo','Campos','hugo.campos@gmail.com','1980-06-24','0426-2345678'),(377,1,21,'Julia','Cárdenas','julia.cardenas@yahoo.com','1993-04-15','0412-3456789'),(378,1,2,'Manuel','Guzmán','manuel.guzman@hotmail.com','1985-08-28','0416-9876543'),(379,1,47,'Sofía','Ruiz','sofia.ruiz@gmail.com','2001-12-11','0424-4567890'),(380,1,38,'Guillermo','Figueroa','guillermo.figueroa@yahoo.com','1973-05-21','0414-2345678'),(381,1,2,'Susana','Aguilar','susana.aguilar@hotmail.com','1981-07-01','0426-8765432'),(382,1,16,'Mauricio','Salazar','mauricio.salazar@gmail.com','1990-09-18','0412-1234567'),(383,1,34,'Victoria','Miranda','victoria.miranda@yahoo.com','1988-11-28','0416-3456789'),(384,1,3,'Omar','Acosta','omar.acosta@hotmail.com','2003-02-15','0424-9876543'),(385,1,36,'Sara','Muñoz','sara.munoz@gmail.com','1976-07-10','0414-4567890'),(386,1,22,'Gustavo','Paredes','gustavo.paredes@yahoo.com','1995-04-22','0426-2345678'),(387,1,2,'Irene','Andrade','irene.andrade@hotmail.com','1987-09-30','0412-3456789'),(388,1,17,'Armando','Montoya','armando.montoya@gmail.com','1982-12-25','0416-8765432'),(389,1,5,'Carolina','Chávez','carolina.chavez@yahoo.com','2000-01-08','0424-2345678'),(390,1,33,'Nelson','Vega','nelson.vega@hotmail.com','1991-06-14','0414-9876543'),(391,1,19,'Leticia','Valero','leticia.valero@gmail.com','1979-08-20','0426-4567890'),(392,1,40,'Álvaro','Lara','alvaro.lara@yahoo.com','1998-03-05','0412-8765432'),(393,1,55,'Natalia','Escobar','natalia.escobar@hotmail.com','1974-05-18','0416-2345678'),(394,1,32,'Benjamín','Serrano','benjamin.serrano@gmail.com','1986-03-28','0424-9876543'),(395,1,12,'Elisa','Zambrano','elisa.zambrano@yahoo.com','2002-09-15','0414-4567890'),(396,1,40,'Rodrigo','Ortega','rodrigo.ortega@hotmail.com','1978-01-20','0426-2345678'),(397,1,12,'Diana','Bautista','diana.bautista@gmail.com','1997-04-28','0412-3456789'),(398,1,30,'Héctor','Delgado','hector.delgado@yahoo.com','1983-08-22','0416-9876543'),(399,1,23,'Marina','Núñez','marina.nunez@hotmail.com','1975-11-09','0424-4567890'),(400,1,54,'Javier','Castro','javier.castro@gmail.com','1994-06-18','0414-2345678'),(401,1,4,'Olga','Villarreal','olga.villarreal@yahoo.com','1989-03-31','0426-8765432'),(402,1,45,'Martín','Beltrán','martin.beltran@hotmail.com','1996-10-07','0412-1234567'),(403,1,49,'Miriam','Antúnez','miriam.antunez@gmail.com','1977-12-16','0416-3456789'),(404,1,14,'Raúl','Barrios','raul.barrios@yahoo.com','1999-01-05','0424-9876543'),(405,1,26,'Elsa','Bravo','elsa.bravo@hotmail.com','1980-06-24','0414-4567890'),(406,1,14,'Arturo','Arrieta','arturo.arrieta@gmail.com','1993-04-15','0426-2345678'),(407,1,43,'Lorena','Mora','lorena.mora@yahoo.com','1985-08-28','0412-3456789'),(408,1,1,'Gregorio','Armas','gregorio.armas@hotmail.com','2001-12-11','0416-8765432'),(409,1,51,'Pilar','Márquez','pilar.marquez@gmail.com','1973-05-21','0424-2345678'),(410,1,1,'Eduardo','Ferrer','eduardo.ferrer@yahoo.com','1981-07-01','0414-9876543'),(411,1,11,'Teresa','Valencia','teresa.valencia@hotmail.com','1990-09-18','0426-4567890'),(412,1,13,'Salvador','Chacón','salvador.chacon@gmail.com','1988-11-28','0412-8765432'),(413,1,26,'Amelia','Hurtado','amelia.hurtado@yahoo.com','2003-02-15','0416-2345678'),(414,1,31,'Adolfo','Maldonado','adolfo.maldonado@hotmail.com','1976-07-10','0424-9876543'),(415,1,42,'Eva','Cordero','eva.cordero@gmail.com','1995-04-22','0414-4567890'),(416,1,49,'Felipe','Romero','felipe.romero@yahoo.com','1987-09-30','0426-2345678'),(417,1,45,'Claudia','Prieto','claudia.prieto@hotmail.com','1982-12-25','0412-3456789'),(418,1,38,'Tomás','Villegas','tomas.villegas@gmail.com','2000-01-08','0416-9876543'),(419,1,29,'Lourdes','Pino','lourdes.pino@yahoo.com','1991-06-14','0424-4567890'),(420,1,7,'Jacinto','Zamora','jacinto.zamora@hotmail.com','1979-08-20','0414-2345678'),(421,1,40,'Teresa','Salinas','teresa.salinas@gmail.com','1998-03-05','0426-8765432'),(427,1,2,'Usuario','Prueba','usuario.prueba@hotmail.com','1985-08-28','0416-9876543'),(428,1,6,'Usuario','Prueba','usuario.prueba@hotmail.com','1985-08-28','0416-9876543');
/*!40000 ALTER TABLE `usuario` ENABLE KEYS */;
UNLOCK TABLES;
/*!40103 SET TIME_ZONE=@OLD_TIME_ZONE */;

/*!40101 SET SQL_MODE=@OLD_SQL_MODE */;
/*!40014 SET FOREIGN_KEY_CHECKS=@OLD_FOREIGN_KEY_CHECKS */;
/*!40014 SET UNIQUE_CHECKS=@OLD_UNIQUE_CHECKS */;
/*!40101 SET CHARACTER_SET_CLIENT=@OLD_CHARACTER_SET_CLIENT */;
/*!40101 SET CHARACTER_SET_RESULTS=@OLD_CHARACTER_SET_RESULTS */;
/*!40101 SET COLLATION_CONNECTION=@OLD_COLLATION_CONNECTION */;
/*!40111 SET SQL_NOTES=@OLD_SQL_NOTES */;

-- Dump completed on 2024-11-13 10:37:13
